GAME_ID,EVENTNUM,EVENTMSGTYPE,EVENTMSGACTIONTYPE,PERIOD,WCTIMESTRING,PCTIMESTRING,HOMEDESCRIPTION,NEUTRALDESCRIPTION,VISITORDESCRIPTION,SCORE,SCOREMARGIN
0020400740,0,12,0,1,9:20 PM,12:00,,,,,
0020400740,58,10,0,1,9:20 PM,12:00,Jump Ball Stoudemire vs. James: Tip to Lewis,,,,
0020400740,3,2,1,1,9:20 PM,11:32,,,MISS Lewis 14' Jump Shot,,
0020400740,4,4,0,1,9:20 PM,11:30,Nash REBOUND (Off:0 Def:1),,,,
0020400740,5,2,1,1,9:21 PM,11:28,MISS Marion 21' Jump Shot,,,,
0020400740,6,4,0,1,9:21 PM,11:23,Stoudemire REBOUND (Off:1 Def:0),,,,
0020400740,7,1,5,1,9:21 PM,11:21,Stoudemire  Layup (2 PTS),,,0 - 2,2
0020400740,8,2,1,1,9:21 PM,11:10,,,MISS Allen 10' Jump Shot,,
0020400740,9,4,0,1,9:21 PM,11:08,Marion REBOUND (Off:0 Def:1),,,,
0020400740,10,1,1,1,9:21 PM,11:01,Richardson 25' 3PT Jump Shot (3 PTS) (Nash 1 AST),,,0 - 5,5
0020400740,11,2,1,1,9:21 PM,10:42,,,MISS Ridnour 24' 3PT Jump Shot,,
0020400740,12,4,0,1,9:21 PM,10:40,Stoudemire REBOUND (Off:1 Def:1),,,,
0020400740,13,2,1,1,9:22 PM,10:21,MISS Richardson 24' 3PT Jump Shot,,,,
0020400740,14,4,0,1,9:22 PM,10:19,,,James REBOUND (Off:0 Def:1),,
0020400740,15,1,5,1,9:22 PM,10:06,,,Evans  Layup (2 PTS),2 - 5,3
0020400740,16,2,1,1,9:23 PM,9:54,MISS Johnson 14' Jump Shot,,,,
0020400740,17,4,0,1,9:23 PM,9:53,,,Lewis REBOUND (Off:0 Def:1),,
0020400740,18,2,1,1,9:23 PM,9:44,,,MISS Lewis 25' 3PT Jump Shot,,
0020400740,19,4,0,1,9:23 PM,9:42,SUNS Rebound,,,,
0020400740,20,2,1,1,9:23 PM,9:31,MISS Stoudemire 18' Jump Shot,,,,
0020400740,21,4,0,1,9:23 PM,9:29,,,Evans REBOUND (Off:0 Def:1),,
0020400740,22,2,1,1,9:24 PM,9:15,,,MISS Allen 18' Jump Shot,,
0020400740,23,4,0,1,9:24 PM,9:14,Marion REBOUND (Off:0 Def:2),,,,
0020400740,24,2,5,1,9:24 PM,8:56,MISS Nash  Layup,,,,
0020400740,25,4,0,1,9:24 PM,8:55,Nash REBOUND (Off:1 Def:1),,,,
0020400740,26,2,5,1,9:24 PM,8:52,MISS Marion  Layup,,,,
0020400740,27,4,0,1,9:24 PM,8:50,,,Evans REBOUND (Off:0 Def:2),,
0020400740,28,2,5,1,9:24 PM,8:38,,,MISS Allen  Layup,,
0020400740,29,4,0,1,9:24 PM,8:36,Marion REBOUND (Off:0 Def:3),,,,
0020400740,30,1,5,1,9:24 PM,8:30,Stoudemire  Layup (4 PTS) (Nash 2 AST),,,2 - 7,5
0020400740,31,7,1,1,9:25 PM,8:28,SUNS Violation: Delay of game Violation,,,,
0020400740,32,1,49,1,9:25 PM,8:11,,,James  Driving Dunk (2 PTS),4 - 7,3
0020400740,33,2,1,1,9:25 PM,7:47,MISS Stoudemire 21' Jump Shot,,,,
0020400740,34,4,0,1,9:25 PM,7:45,,,James REBOUND (Off:0 Def:2),,
0020400740,35,1,5,1,9:25 PM,7:39,,,Ridnour  Layup (2 PTS),6 - 7,1
0020400740,36,1,1,1,9:26 PM,7:30,Nash 12' Jump Shot (2 PTS),,,6 - 9,3
0020400740,37,2,5,1,9:26 PM,7:06,,,MISS Lewis  Layup,,
0020400740,38,4,0,1,9:26 PM,7:05,,,James REBOUND (Off:1 Def:2),,
0020400740,39,1,7,1,9:26 PM,7:04,,,James  Dunk (4 PTS),8 - 9,1
0020400740,40,1,1,1,9:26 PM,6:57,Nash 17' Jump Shot (4 PTS),,,8 - 11,3
0020400740,41,1,1,1,9:26 PM,6:45,,,Lewis 17' Jump Shot (2 PTS) (Ridnour 1 AST),10 - 11,1
0020400740,42,6,2,1,9:26 PM,6:45,Marion S.FOUL (P1.T1),,,,
0020400740,43,3,10,1,9:27 PM,6:45,,,MISS Lewis Free Throw 1 of 1,,
0020400740,44,4,0,1,9:27 PM,6:43,Stoudemire REBOUND (Off:1 Def:2),,,,
0020400740,45,2,5,1,9:27 PM,6:30,MISS Stoudemire  Layup,,James BLOCK (1 BLK),,
0020400740,46,4,0,1,9:27 PM,6:30,SUNS Rebound,,,,
0020400740,47,6,2,1,9:28 PM,6:29,,,Ridnour S.FOUL (P1.T1),,
0020400740,48,3,11,1,9:28 PM,6:29,Stoudemire Free Throw 1 of 2 (5 PTS),,,10 - 12,2
0020400740,49,3,12,1,9:28 PM,6:29,Stoudemire Free Throw 2 of 2 (6 PTS),,,10 - 13,3
0020400740,50,2,5,1,9:29 PM,6:10,,,MISS Lewis  Layup,,
0020400740,51,4,0,1,9:29 PM,6:09,,,SuperSonics Rebound,,
0020400740,52,5,1,1,9:29 PM,5:58,Richardson STEAL (1 STL),,Ridnour Bad Pass Turnover (P1.T1),,
0020400740,53,2,1,1,9:29 PM,5:53,MISS Richardson 26' 3PT Jump Shot,,,,
0020400740,54,4,0,1,9:29 PM,5:51,,,James REBOUND (Off:1 Def:3),,
0020400740,55,6,1,1,9:29 PM,5:40,Richardson P.FOUL (P1.T2),,,,
0020400740,56,9,1,1,9:29 PM,5:40,SUNS Timeout: Regular (Full 1 Short 0),,,,
0020400740,59,8,0,1,9:31 PM,5:40,SUB: Jackson FOR Stoudemire,,,,
0020400740,60,8,0,1,9:31 PM,5:40,SUB: Hunter FOR Johnson,,,,
0020400740,61,8,0,1,9:32 PM,5:40,,,SUB: Radmanovic FOR James,,
0020400740,62,1,1,1,9:32 PM,5:31,,,Lewis 17' Jump Shot (4 PTS),12 - 13,1
0020400740,63,2,1,1,9:32 PM,5:14,MISS Nash  3PT Jump Shot,,,,
0020400740,64,4,0,1,9:32 PM,5:12,,,Lewis REBOUND (Off:0 Def:2),,
0020400740,65,1,5,1,9:32 PM,5:06,,,Allen  Layup (2 PTS),14 - 13,-1
0020400740,66,1,42,1,9:33 PM,4:56,Richardson  Driving Layup (5 PTS),,,14 - 15,1
0020400740,67,1,1,1,9:33 PM,4:43,,,Radmanovic 25' 3PT Jump Shot (3 PTS) (Ridnour 2 AST),17 - 15,-2
0020400740,68,2,1,1,9:33 PM,4:21,MISS Richardson 23' Jump Shot,,,,
0020400740,69,4,0,1,9:33 PM,4:18,,,Evans REBOUND (Off:0 Def:3),,
0020400740,70,2,1,1,9:33 PM,4:12,,,MISS Allen 26' 3PT Jump Shot,,
0020400740,71,4,0,1,9:33 PM,4:11,Richardson REBOUND (Off:0 Def:1),,,,
0020400740,72,2,1,1,9:34 PM,4:03,MISS Nash 25' 3PT Jump Shot,,,,
0020400740,73,4,0,1,9:34 PM,4:01,,,Evans REBOUND (Off:0 Def:4),,
0020400740,74,1,1,1,9:34 PM,3:50,,,Radmanovic 25' 3PT Jump Shot (6 PTS) (Ridnour 3 AST),20 - 15,-5
0020400740,75,1,42,1,9:34 PM,3:36,Nash  Driving Layup (6 PTS),,,20 - 17,-3
0020400740,76,6,2,1,9:34 PM,3:36,,,Evans S.FOUL (P1.T2),,
0020400740,77,8,0,1,9:34 PM,3:36,,,SUB: Daniels FOR Ridnour,,
0020400740,78,3,10,1,9:34 PM,3:36,Nash Free Throw 1 of 1 (7 PTS),,,20 - 18,-2
0020400740,79,1,1,1,9:35 PM,3:14,,,Allen 17' Jump Shot (4 PTS),22 - 18,-4
0020400740,80,1,1,1,9:35 PM,2:55,Jackson 23' Jump Shot (2 PTS),,,22 - 20,-2
0020400740,81,1,5,1,9:35 PM,2:42,,,Evans  Layup (4 PTS) (Daniels 1 AST),24 - 20,-4
0020400740,82,1,1,1,9:36 PM,2:26,Nash 25' 3PT Jump Shot (10 PTS) (Jackson 1 AST),,,24 - 23,-1
0020400740,83,6,1,1,9:36 PM,2:08,Hunter P.FOUL (P1.T3),,,,
0020400740,84,9,1,1,9:36 PM,2:08,,,SuperSonics Timeout: Regular (Reg.1 Short 0),,
0020400740,86,8,0,1,9:38 PM,2:08,,,SUB: Collison FOR Evans,,
0020400740,87,8,0,1,9:38 PM,2:08,SUB: Barbosa FOR Richardson,,,,
0020400740,88,8,0,1,9:38 PM,2:08,SUB: Johnson FOR Nash,,,,
0020400740,89,1,1,1,9:39 PM,1:58,,,Daniels 19' Jump Shot (2 PTS),26 - 23,-3
0020400740,90,1,1,1,9:39 PM,1:45,Marion  3PT Jump Shot (3 PTS) (Jackson 2 AST),,,26 - 26,TIE
0020400740,91,6,1,1,9:39 PM,1:33,Barbosa P.FOUL (P1.T4),,,,
0020400740,92,8,0,1,9:40 PM,1:33,,,SUB: Murray FOR Allen,,
0020400740,93,8,0,1,9:40 PM,1:33,SUB: Stoudemire FOR Hunter,,,,
0020400740,94,6,4,1,9:40 PM,1:25,,,Collison OFF.Foul (P1),,
0020400740,95,5,5,1,9:40 PM,1:25,,,Collison Foul Turnover (P1.T2),,
0020400740,96,6,2,1,9:41 PM,1:12,,,Radmanovic S.FOUL (P1.T3),,
0020400740,97,3,11,1,9:41 PM,1:12,Barbosa Free Throw 1 of 2 (1 PTS),,,26 - 27,1
0020400740,98,3,12,1,9:41 PM,1:12,Barbosa Free Throw 2 of 2 (2 PTS),,,26 - 28,2
0020400740,99,6,2,1,9:42 PM,0:55,Stoudemire S.FOUL (P1.PN),,,,
0020400740,100,3,11,1,9:42 PM,0:55,,,Radmanovic Free Throw 1 of 2 (7 PTS),27 - 28,1
0020400740,101,3,12,1,9:42 PM,0:55,,,MISS Radmanovic Free Throw 2 of 2,,
0020400740,102,4,0,1,9:42 PM,0:54,,,Daniels REBOUND (Off:1 Def:0),,
0020400740,103,1,1,1,9:43 PM,0:36,,,Daniels 25' 3PT Jump Shot (5 PTS) (Lewis 1 AST),30 - 28,-2
0020400740,104,6,1,1,9:43 PM,0:32,,,Collison P.FOUL (P2.PN),,
0020400740,105,3,11,1,9:43 PM,0:32,MISS Stoudemire Free Throw 1 of 2,,,,
0020400740,106,4,1,1,9:43 PM,0:32,SUNS Rebound,,,,
0020400740,107,3,12,1,9:43 PM,0:32,Stoudemire Free Throw 2 of 2 (7 PTS),,,30 - 29,-1
0020400740,108,6,17,1,9:44 PM,0:13,SUNS T.Foul (Def. 3 Sec Stoudemire ),,,,
0020400740,109,3,16,1,9:44 PM,0:13,,,Daniels Free Throw Technical (6 PTS),31 - 29,-2
0020400740,110,8,0,1,9:44 PM,0:13,,,SUB: Allen FOR Collison,,
0020400740,111,1,42,1,9:45 PM,0:05,,,Daniels  Driving Layup (8 PTS),33 - 29,-4
0020400740,112,13,0,1,9:45 PM,0:00,,,,33 - 29,-4
0020400740,114,18,0,1,9:47 PM,0:00,,,,33 - 29,-4
0020400740,115,12,0,2,9:48 PM,12:00,,,,33 - 29,-4
0020400740,116,2,1,2,9:49 PM,11:45,MISS Johnson 18' Jump Shot,,,,
0020400740,117,4,0,2,9:49 PM,11:43,,,Daniels REBOUND (Off:1 Def:1),,
0020400740,118,2,1,2,9:49 PM,11:27,,,MISS Murray 12' Jump Shot,,
0020400740,119,4,0,2,9:49 PM,11:25,,,Lewis REBOUND (Off:1 Def:2),,
0020400740,120,1,1,2,9:49 PM,11:23,,,Lewis 25' 3PT Jump Shot (7 PTS),36 - 29,-7
0020400740,121,2,5,2,9:49 PM,11:10,MISS Stoudemire  Layup,,James BLOCK (2 BLK),,
0020400740,122,4,0,2,9:49 PM,11:09,,,James REBOUND (Off:1 Def:4),,
0020400740,123,1,1,2,9:49 PM,10:52,,,James 12' Jump Shot (6 PTS) (Lewis 2 AST),38 - 29,-9
0020400740,124,1,1,2,9:50 PM,10:39,Stoudemire 16' Jump Shot (9 PTS),,,38 - 31,-7
0020400740,125,2,1,2,9:50 PM,10:17,,,MISS Daniels 25' 3PT Jump Shot,,
0020400740,126,4,0,2,9:50 PM,10:16,Jackson REBOUND (Off:0 Def:1),,,,
0020400740,127,6,1,2,9:50 PM,10:05,,,James P.FOUL (P1.T1),,
0020400740,128,8,0,2,9:51 PM,10:05,,,SUB: Allen FOR Lewis,,
0020400740,129,8,0,2,9:51 PM,10:05,SUB: Nash FOR Jackson,,,,
0020400740,130,8,0,2,9:51 PM,10:05,SUB: Richardson FOR Barbosa,,,,
0020400740,131,1,1,2,9:51 PM,9:55,Stoudemire 18' Jump Shot (11 PTS) (Nash 3 AST),,,38 - 33,-5
0020400740,132,2,1,2,9:51 PM,9:34,,,MISS Radmanovic 26' 3PT Jump Shot,,
0020400740,133,4,0,2,9:51 PM,9:33,Johnson REBOUND (Off:0 Def:1),,,,
0020400740,134,2,7,2,9:51 PM,9:25,MISS Richardson  Dunk,,,,
0020400740,135,4,0,2,9:51 PM,9:23,Nash REBOUND (Off:2 Def:1),,,,
0020400740,136,1,1,2,9:51 PM,9:21,Nash 24' 3PT Jump Shot (13 PTS),,,38 - 36,-2
0020400740,137,9,1,2,9:52 PM,9:14,,,SuperSonics Timeout: Regular (Reg.2 Short 0),,
0020400740,141,2,5,2,9:54 PM,9:05,Stoudemire BLOCK (1 BLK),,MISS Murray  Layup,,
0020400740,142,4,0,2,9:54 PM,9:05,,,SuperSonics Rebound,,
0020400740,143,6,1,2,9:55 PM,9:03,McCarty P.FOUL (P1.T1),,,,
0020400740,144,1,49,2,9:55 PM,8:56,,,Radmanovic  Driving Dunk (9 PTS),40 - 36,-4
0020400740,145,2,1,2,9:55 PM,8:38,MISS Richardson 25' 3PT Jump Shot,,,,
0020400740,146,4,0,2,9:55 PM,8:37,,,Radmanovic REBOUND (Off:0 Def:1),,
0020400740,147,1,1,2,9:56 PM,8:28,,,Daniels 18' Jump Shot (10 PTS),42 - 36,-6
0020400740,148,1,43,2,9:56 PM,8:13,Stoudemire  Alley Oop Layup (13 PTS) (Nash 4 AST),,,42 - 38,-4
0020400740,149,2,1,2,9:56 PM,7:59,,,MISS Allen 27' 3PT Jump Shot,,
0020400740,150,4,0,2,9:56 PM,7:57,Richardson REBOUND (Off:0 Def:2),,,,
0020400740,151,6,2,2,9:56 PM,7:43,,,James S.FOUL (P2.T2),,
0020400740,152,3,11,2,9:57 PM,7:43,Stoudemire Free Throw 1 of 2 (14 PTS),,,42 - 39,-3
0020400740,153,3,12,2,9:57 PM,7:43,Stoudemire Free Throw 2 of 2 (15 PTS),,,42 - 40,-2
0020400740,154,6,4,2,9:57 PM,7:29,,,James OFF.Foul (P3),,
0020400740,155,5,5,2,9:57 PM,7:29,,,James Foul Turnover (P1.T3),,
0020400740,156,8,0,2,9:57 PM,7:29,,,SUB: Evans FOR James,,
0020400740,157,2,1,2,9:58 PM,7:19,MISS McCarty 25' 3PT Jump Shot,,,,
0020400740,158,4,0,2,9:58 PM,7:18,SUNS Rebound,,,,
0020400740,159,6,3,2,9:58 PM,7:18,,,Daniels L.B.FOUL (P1.T3),,
0020400740,160,8,0,2,9:58 PM,7:18,,,SUB: Ridnour FOR Murray,,
0020400740,161,2,1,2,9:58 PM,7:08,MISS Johnson 17' Jump Shot,,,,
0020400740,162,4,0,2,9:58 PM,7:07,,,Allen REBOUND (Off:0 Def:1),,
0020400740,163,1,5,2,9:59 PM,6:46,,,Evans  Layup (6 PTS) (Daniels 2 AST),44 - 40,-4
0020400740,164,5,1,2,9:59 PM,6:42,Stoudemire Bad Pass Turnover (P1.T1),,Ridnour STEAL (1 STL),,
0020400740,165,2,5,2,9:59 PM,6:33,,,MISS Evans  Layup,,
0020400740,166,4,0,2,9:59 PM,6:32,Johnson REBOUND (Off:0 Def:2),,,,
0020400740,167,6,4,2,9:59 PM,6:26,Stoudemire OFF.Foul (P2),,,,
0020400740,168,5,5,2,9:59 PM,6:26,Stoudemire Foul Turnover (P2.T2),,,,
0020400740,169,8,0,2,9:59 PM,6:26,SUB: Marion FOR McCarty,,,,
0020400740,170,9,2,2,10:00 PM,6:15,,,,,
0020400740,171,2,1,2,10:01 PM,6:08,,,MISS Ridnour 16' Jump Shot,,
0020400740,172,4,0,2,10:01 PM,6:06,Richardson REBOUND (Off:0 Def:3),,,,
0020400740,173,1,46,2,10:01 PM,5:55,Nash 13' Running Jump Shot (15 PTS),,,44 - 42,-2
0020400740,174,9,4,2,10:01 PM,5:45,,,,,
0020400740,178,2,1,2,10:04 PM,5:31,,,MISS Allen 26' 3PT Jump Shot,,
0020400740,179,4,0,2,10:04 PM,5:29,,,Daniels REBOUND (Off:2 Def:1),,
0020400740,180,5,1,2,10:04 PM,5:16,Marion STEAL (1 STL),,Allen Bad Pass Turnover (P1.T4),,
0020400740,181,1,1,2,10:05 PM,5:02,Richardson 26' 3PT Jump Shot (8 PTS) (Johnson 1 AST),,,44 - 45,1
0020400740,182,2,1,2,10:05 PM,4:36,,,MISS Daniels 26' 3PT Jump Shot,,
0020400740,183,4,0,2,10:05 PM,4:35,Stoudemire REBOUND (Off:1 Def:3),,,,
0020400740,184,5,1,2,10:05 PM,4:33,Stoudemire Bad Pass Turnover (P3.T3),,Radmanovic STEAL (1 STL),,
0020400740,185,5,39,2,10:05 PM,4:33,,,Radmanovic Step Out of Bounds Turnover (P1.T5),,
0020400740,186,8,0,2,10:05 PM,4:33,,,SUB: Lewis FOR Daniels,,
0020400740,187,1,1,2,10:06 PM,4:13,Richardson 26' 3PT Jump Shot (11 PTS) (Marion 1 AST),,,44 - 48,4
0020400740,188,6,1,2,10:06 PM,3:56,Johnson P.FOUL (P1.T2),,,,
0020400740,189,2,5,2,10:06 PM,3:47,,,MISS Ridnour  Layup,,
0020400740,190,4,0,2,10:06 PM,3:46,Marion REBOUND (Off:0 Def:4),,,,
0020400740,191,1,1,2,10:07 PM,3:38,Richardson 26' 3PT Jump Shot (14 PTS) (Nash 5 AST),,,44 - 51,7
0020400740,192,5,1,2,10:07 PM,3:11,Marion STEAL (2 STL),,Radmanovic Bad Pass Turnover (P2.T6),,
0020400740,193,6,2,2,10:07 PM,3:09,,,Allen S.FOUL (P1.T4),,
0020400740,194,3,11,2,10:07 PM,3:09,Nash Free Throw 1 of 2 (16 PTS),,,44 - 52,8
0020400740,195,3,12,2,10:08 PM,3:09,Nash Free Throw 2 of 2 (17 PTS),,,44 - 53,9
0020400740,196,2,5,2,10:08 PM,2:48,Stoudemire BLOCK (2 BLK),,MISS Allen  Layup,,
0020400740,197,4,0,2,10:08 PM,2:48,,,SuperSonics Rebound,,
0020400740,198,9,1,2,10:08 PM,2:48,SUNS Timeout: Regular (Full 2 Short 0),,,,
0020400740,202,2,1,2,10:11 PM,2:46,,,MISS Lewis 18' Jump Shot,,
0020400740,203,4,0,2,10:11 PM,2:44,,,Radmanovic REBOUND (Off:1 Def:1),,
0020400740,204,1,1,2,10:11 PM,2:38,,,Lewis  3PT Jump Shot (10 PTS) (Radmanovic 1 AST),47 - 53,6
0020400740,205,2,1,2,10:11 PM,2:24,MISS Richardson 25' 3PT Jump Shot,,,,
0020400740,206,4,0,2,10:11 PM,2:22,,,Evans REBOUND (Off:0 Def:5),,
0020400740,207,1,1,2,10:11 PM,2:08,,,Lewis 26' 3PT Jump Shot (13 PTS) (Ridnour 4 AST),50 - 53,3
0020400740,208,1,66,2,10:12 PM,1:48,Stoudemire 10' Jump Bank Shot (17 PTS),,,50 - 55,5
0020400740,209,6,2,2,10:12 PM,1:36,Nash S.FOUL (P1.T3),,,,
0020400740,210,3,11,2,10:12 PM,1:36,,,MISS Evans Free Throw 1 of 2,,
0020400740,211,4,1,2,10:12 PM,1:36,,,SuperSonics Rebound,,
0020400740,212,3,12,2,10:12 PM,1:36,,,Evans Free Throw 2 of 2 (7 PTS),51 - 55,4
0020400740,213,2,1,2,10:13 PM,1:23,MISS Richardson 24' 3PT Jump Shot,,,,
0020400740,214,4,0,2,10:13 PM,1:21,,,SuperSonics Rebound,,
0020400740,215,2,5,2,10:14 PM,0:53,Richardson BLOCK (1 BLK),,MISS Allen  Layup,,
0020400740,216,4,0,2,10:14 PM,0:53,,,SuperSonics Rebound,,
0020400740,217,5,1,2,10:14 PM,0:52,Richardson STEAL (2 STL),,Ridnour Bad Pass Turnover (P2.T7),,
0020400740,218,2,5,2,10:14 PM,0:46,MISS Nash  Layup,,,,
0020400740,219,4,0,2,10:14 PM,0:46,,,SuperSonics Rebound,,
0020400740,220,6,3,2,10:14 PM,0:46,Richardson L.B.FOUL (P2.PN),,,,
0020400740,221,3,11,2,10:14 PM,0:46,,,Radmanovic Free Throw 1 of 2 (10 PTS),52 - 55,3
0020400740,222,3,12,2,10:15 PM,0:46,,,MISS Radmanovic Free Throw 2 of 2,,
0020400740,223,4,0,2,10:15 PM,0:45,Stoudemire REBOUND (Off:1 Def:4),,,,
0020400740,224,5,1,2,10:15 PM,0:41,Nash Bad Pass Turnover (P1.T4),,Radmanovic STEAL (2 STL),,
0020400740,225,1,1,2,10:15 PM,0:29,,,Radmanovic 26' 3PT Jump Shot (13 PTS) (Allen 1 AST),55 - 55,TIE
0020400740,226,2,1,2,10:15 PM,0:13,MISS Marion 17' Jump Shot,,,,
0020400740,227,4,0,2,10:15 PM,0:11,,,Evans REBOUND (Off:0 Def:6),,
0020400740,228,2,1,2,10:16 PM,0:00,,,MISS Lewis 24' 3PT Jump Shot,,
0020400740,230,4,0,2,10:16 PM,0:00,,,SuperSonics Rebound,,
0020400740,229,13,0,2,10:16 PM,0:00,,,,55 - 55,TIE
0020400740,232,12,0,3,10:32 PM,12:00,,,,55 - 55,TIE
0020400740,233,2,1,3,10:33 PM,11:42,MISS Johnson 13' Jump Shot,,,,
0020400740,234,4,0,3,10:33 PM,11:39,,,Lewis REBOUND (Off:1 Def:3),,
0020400740,235,2,66,3,10:33 PM,11:16,,,MISS James 25' 3PT Jump Bank Shot,,
0020400740,236,4,0,3,10:33 PM,11:16,,,SuperSonics Rebound,,
0020400740,237,5,11,3,10:33 PM,11:16,,,SuperSonics Turnover: Shot Clock (T#8),,
0020400740,238,6,2,3,10:34 PM,11:03,,,James S.FOUL (P4.T1),,
0020400740,239,3,11,3,10:34 PM,11:03,Stoudemire Free Throw 1 of 2 (18 PTS),,,55 - 56,1
0020400740,240,3,12,3,10:34 PM,11:03,MISS Stoudemire Free Throw 2 of 2,,,,
0020400740,241,4,0,3,10:34 PM,11:02,,,Evans REBOUND (Off:0 Def:7),,
0020400740,242,2,1,3,10:34 PM,10:42,,,MISS Lewis 18' Jump Shot,,
0020400740,243,4,0,3,10:34 PM,10:40,Marion REBOUND (Off:0 Def:5),,,,
0020400740,244,1,42,3,10:35 PM,10:30,Nash  Driving Layup (19 PTS),,,55 - 58,3
0020400740,245,2,5,3,10:35 PM,10:07,Johnson BLOCK (1 BLK),,MISS Allen  Layup,,
0020400740,246,4,0,3,10:35 PM,10:05,,,Allen REBOUND (Off:1 Def:1),,
0020400740,247,2,1,3,10:35 PM,10:04,,,MISS Allen 14' Jump Shot,,
0020400740,248,4,0,3,10:35 PM,10:02,Marion REBOUND (Off:0 Def:6),,,,
0020400740,249,2,1,3,10:35 PM,9:55,MISS Marion 26' 3PT Jump Shot,,,,
0020400740,250,4,0,3,10:35 PM,9:54,,,Evans REBOUND (Off:0 Def:8),,
0020400740,251,6,1,3,10:35 PM,9:43,Nash P.FOUL (P2.T1),,,,
0020400740,253,2,1,3,10:36 PM,9:36,,,MISS Allen 19' Jump Shot,,
0020400740,254,4,0,3,10:36 PM,9:34,,,Ridnour REBOUND (Off:1 Def:0),,
0020400740,255,1,1,3,10:36 PM,9:31,,,James 8' Jump Shot (8 PTS),57 - 58,1
0020400740,256,1,1,3,10:36 PM,9:21,Richardson 26' 3PT Jump Shot (17 PTS) (Nash 6 AST),,,57 - 61,4
0020400740,257,1,1,3,10:37 PM,8:53,,,Allen 25' 3PT Jump Shot (7 PTS) (Lewis 3 AST),60 - 61,1
0020400740,258,1,5,3,10:37 PM,8:41,Stoudemire  Layup (20 PTS) (Nash 7 AST),,,60 - 63,3
0020400740,259,6,2,3,10:37 PM,8:41,,,Evans S.FOUL (P2.T2),,
0020400740,260,3,10,3,10:37 PM,8:41,Stoudemire Free Throw 1 of 1 (21 PTS),,,60 - 64,4
0020400740,261,1,1,3,10:38 PM,8:25,,,Lewis 27' 3PT Jump Shot (16 PTS) (Allen 2 AST),63 - 64,1
0020400740,262,6,1,3,10:38 PM,8:17,,,Ridnour P.FOUL (P2.T3),,
0020400740,263,1,42,3,10:39 PM,8:01,Nash  Driving Layup (21 PTS),,,63 - 66,3
0020400740,264,1,1,3,10:39 PM,7:49,,,Ridnour 24' 3PT Jump Shot (5 PTS) (Allen 3 AST),66 - 66,TIE
0020400740,265,1,7,3,10:39 PM,7:40,Marion  Dunk (5 PTS) (Nash 8 AST),,,66 - 68,2
0020400740,266,1,66,3,10:39 PM,7:24,,,James 7' Jump Bank Shot (10 PTS),68 - 68,TIE
0020400740,267,1,52,3,10:39 PM,7:12,Marion  Alley Oop Dunk (7 PTS) (Nash 9 AST),,,68 - 70,2
0020400740,268,2,1,3,10:40 PM,6:46,,,MISS Lewis 18' Jump Shot,,
0020400740,269,4,0,3,10:40 PM,6:44,,,Evans REBOUND (Off:1 Def:8),,
0020400740,270,1,5,3,10:40 PM,6:39,,,Lewis  Layup (18 PTS),70 - 70,TIE
0020400740,271,6,1,3,10:40 PM,6:29,,,Allen P.FOUL (P2.T4),,
0020400740,272,2,1,3,10:41 PM,6:24,MISS Richardson 25' 3PT Jump Shot,,,,
0020400740,273,4,0,3,10:41 PM,6:23,Nash REBOUND (Off:3 Def:1),,,,
0020400740,274,2,5,3,10:41 PM,6:12,MISS Marion  Layup,,,,
0020400740,275,4,0,3,10:41 PM,6:11,,,James REBOUND (Off:1 Def:5),,
0020400740,276,2,1,3,10:41 PM,5:56,,,MISS Allen 18' Jump Shot,,
0020400740,277,4,0,3,10:41 PM,5:54,Richardson REBOUND (Off:0 Def:4),,,,
0020400740,278,5,1,3,10:41 PM,5:51,Richardson Bad Pass Turnover (P1.T5),,Allen STEAL (1 STL),,
0020400740,279,1,5,3,10:41 PM,5:41,,,James  Layup (12 PTS) (Ridnour 5 AST),72 - 70,-2
0020400740,280,9,1,3,10:42 PM,5:30,SUNS Timeout: Regular (Full 3 Short 0),,,,
0020400740,282,8,0,3,10:44 PM,5:30,SUB: Jackson FOR Johnson,,,,
0020400740,284,2,1,3,10:45 PM,5:22,MISS Stoudemire 17' Jump Shot,,,,
0020400740,285,4,0,3,10:45 PM,5:20,,,James REBOUND (Off:1 Def:6),,
0020400740,286,2,1,3,10:45 PM,5:00,Marion BLOCK (1 BLK),,MISS Allen 13' Jump Shot,,
0020400740,287,4,0,3,10:45 PM,4:58,Marion REBOUND (Off:0 Def:7),,,,
0020400740,288,6,1,3,10:45 PM,4:58,,,Allen P.FOUL (P3.PN),,
0020400740,289,3,11,3,10:45 PM,4:58,MISS Marion Free Throw 1 of 2,,,,
0020400740,290,4,1,3,10:45 PM,4:58,SUNS Rebound,,,,
0020400740,291,3,12,3,10:46 PM,4:58,Marion Free Throw 2 of 2 (8 PTS),,,72 - 71,-1
0020400740,292,6,1,3,10:46 PM,4:41,Marion P.FOUL (P2.T2),,,,
0020400740,293,5,2,3,10:47 PM,4:33,Stoudemire STEAL (1 STL),,Allen Lost Ball Turnover (P2.T9),,
0020400740,294,2,5,3,10:47 PM,4:27,MISS Marion  Layup,,,,
0020400740,295,4,0,3,10:47 PM,4:26,,,Evans REBOUND (Off:1 Def:9),,
0020400740,296,1,5,3,10:47 PM,4:15,,,Lewis  Layup (20 PTS),74 - 71,-3
0020400740,297,6,2,3,10:47 PM,4:15,Stoudemire S.FOUL (P3.T3),,,,
0020400740,298,8,0,3,10:47 PM,4:15,SUB: Johnson FOR Richardson,,,,
0020400740,299,8,0,3,10:47 PM,4:15,SUB: Hunter FOR Stoudemire,,,,
0020400740,300,3,10,3,10:47 PM,4:15,,,Lewis Free Throw 1 of 1 (21 PTS),75 - 71,-4
0020400740,301,1,1,3,10:48 PM,4:02,Nash 18' Jump Shot (23 PTS),,,75 - 73,-2
0020400740,302,1,1,3,10:48 PM,3:49,,,Ridnour 19' Jump Shot (7 PTS),77 - 73,-4
0020400740,303,6,1,3,10:48 PM,3:38,,,Evans P.FOUL (P3.PN),,
0020400740,304,8,0,3,10:49 PM,3:38,,,SUB: Radmanovic FOR James,,
0020400740,307,8,0,3,10:49 PM,3:38,,,SUB: Daniels FOR Allen,,
0020400740,305,3,11,3,10:49 PM,3:38,Nash Free Throw 1 of 2 (24 PTS),,,77 - 74,-3
0020400740,306,3,12,3,10:49 PM,3:38,Nash Free Throw 2 of 2 (25 PTS),,,77 - 75,-2
0020400740,308,5,1,3,10:49 PM,3:24,,,Lewis Bad Pass Turnover (P1.T10),,
0020400740,309,2,5,3,10:49 PM,3:12,MISS Nash  Layup,,,,
0020400740,310,4,0,3,10:49 PM,3:12,,,SuperSonics Rebound,,
0020400740,311,2,1,3,10:50 PM,2:59,,,MISS Ridnour 18' Jump Shot,,
0020400740,312,4,0,3,10:50 PM,2:57,Marion REBOUND (Off:0 Def:8),,,,
0020400740,313,1,7,3,10:50 PM,2:48,Marion  Dunk (10 PTS) (Johnson 2 AST),,,77 - 77,TIE
0020400740,314,2,1,3,10:50 PM,2:32,,,MISS Lewis 26' 3PT Jump Shot,,
0020400740,315,4,0,3,10:50 PM,2:31,,,Evans REBOUND (Off:2 Def:9),,
0020400740,316,1,5,3,10:50 PM,2:29,,,Evans  Layup (9 PTS),79 - 77,-2
0020400740,317,6,2,3,10:50 PM,2:29,Hunter S.FOUL (P2.T4),,,,
0020400740,318,9,1,3,10:51 PM,2:29,,,SuperSonics Timeout: Regular (Reg.3 Short 0),,
0020400740,320,8,0,3,10:52 PM,2:29,SUB: Barbosa FOR Nash,,,,
0020400740,322,3,10,3,10:53 PM,2:29,,,Evans Free Throw 1 of 1 (10 PTS),80 - 77,-3
0020400740,323,8,0,3,10:54 PM,2:19,,,SUB: Collison FOR Lewis,,
0020400740,324,5,1,3,10:54 PM,2:18,Jackson Bad Pass Turnover (P1.T6),,Radmanovic STEAL (3 STL),,
0020400740,325,1,46,3,10:54 PM,1:58,,,Ridnour 19' Running Jump Shot (9 PTS),82 - 77,-5
0020400740,326,2,1,3,10:54 PM,1:44,MISS Jackson 25' 3PT Jump Shot,,,,
0020400740,327,4,0,3,10:54 PM,1:42,,,Collison REBOUND (Off:0 Def:1),,
0020400740,328,2,5,3,10:55 PM,1:21,,,MISS Evans  Layup,,
0020400740,329,4,0,3,10:55 PM,1:20,Barbosa REBOUND (Off:0 Def:1),,,,
0020400740,330,1,5,3,10:55 PM,1:15,Johnson  Layup (2 PTS) (Barbosa 1 AST),,,82 - 79,-3
0020400740,331,2,1,3,10:55 PM,0:54,,,MISS Radmanovic 27' 3PT Jump Shot,,
0020400740,332,4,0,3,10:55 PM,0:52,Marion REBOUND (Off:0 Def:9),,,,
0020400740,333,2,5,3,10:55 PM,0:46,MISS Jackson  Layup,,,,
0020400740,334,4,0,3,10:55 PM,0:45,,,Radmanovic REBOUND (Off:1 Def:2),,
0020400740,335,2,1,3,10:56 PM,0:28,,,MISS Ridnour  3PT Jump Shot,,
0020400740,336,4,0,3,10:56 PM,0:26,,,SuperSonics Rebound,,
0020400740,337,8,0,3,10:56 PM,0:25,,,SUB: Allen FOR Evans,,
0020400740,338,6,4,3,10:57 PM,0:04,,,Collison OFF.Foul (P3),,
0020400740,339,5,5,3,10:57 PM,0:04,,,Collison Foul Turnover (P2.T11),,
0020400740,340,2,1,3,10:57 PM,0:00,MISS Barbosa 18' Jump Shot,,,,
0020400740,342,4,0,3,10:57 PM,0:00,SUNS Rebound,,,,
0020400740,341,13,0,3,10:57 PM,0:00,,,,82 - 79,-3
0020400740,344,18,0,3,10:58 PM,0:00,,,,82 - 79,-3
0020400740,345,12,0,4,11:00 PM,12:00,,,,82 - 79,-3
0020400740,346,2,5,4,11:00 PM,11:48,,,MISS Collison  Layup,,
0020400740,347,4,0,4,11:00 PM,11:47,Richardson REBOUND (Off:0 Def:5),,,,
0020400740,348,6,2,4,11:01 PM,11:32,,,Collison S.FOUL (P4.T1),,
0020400740,349,3,11,4,11:01 PM,11:32,Johnson Free Throw 1 of 2 (3 PTS),,,82 - 80,-2
0020400740,350,3,12,4,11:01 PM,11:32,Johnson Free Throw 2 of 2 (4 PTS),,,82 - 81,-1
0020400740,351,1,42,4,11:01 PM,11:19,,,Ridnour  Driving Layup (11 PTS),84 - 81,-3
0020400740,352,6,2,4,11:01 PM,11:19,Hunter S.FOUL (P3.T1),,,,
0020400740,353,3,10,4,11:02 PM,11:19,,,Ridnour Free Throw 1 of 1 (12 PTS),85 - 81,-4
0020400740,354,2,1,4,11:02 PM,10:55,MISS Richardson 17' Jump Shot,,,,
0020400740,355,4,0,4,11:02 PM,10:55,Johnson REBOUND (Off:1 Def:2),,,,
0020400740,356,6,2,4,11:02 PM,10:55,,,Daniels S.FOUL (P2.T2),,
0020400740,357,8,0,4,11:02 PM,10:55,SUB: Stoudemire FOR Hunter,,,,
0020400740,358,3,11,4,11:03 PM,10:55,Johnson Free Throw 1 of 2 (5 PTS),,,85 - 82,-3
0020400740,359,3,12,4,11:03 PM,10:55,Johnson Free Throw 2 of 2 (6 PTS),,,85 - 83,-2
0020400740,360,2,5,4,11:03 PM,10:41,Stoudemire BLOCK (3 BLK),,MISS Collison  Layup,,
0020400740,361,4,0,4,11:03 PM,10:40,Johnson REBOUND (Off:1 Def:3),,,,
0020400740,362,2,5,4,11:03 PM,10:31,MISS Richardson  Layup,,,,
0020400740,363,4,0,4,11:03 PM,10:30,Richardson REBOUND (Off:1 Def:5),,,,
0020400740,364,2,1,4,11:04 PM,10:18,MISS Stoudemire 5' Jump Shot,,,,
0020400740,365,4,0,4,11:04 PM,10:16,,,Radmanovic REBOUND (Off:1 Def:3),,
0020400740,366,2,1,4,11:04 PM,9:56,,,MISS Daniels 13' Jump Shot,,
0020400740,367,4,0,4,11:04 PM,9:55,Marion REBOUND (Off:0 Def:10),,,,
0020400740,368,2,1,4,11:04 PM,9:44,MISS Johnson 26' 3PT Jump Shot,,,,
0020400740,369,4,0,4,11:04 PM,9:42,,,Ridnour REBOUND (Off:1 Def:1),,
0020400740,370,1,46,4,11:04 PM,9:33,,,Daniels 15' Running Jump Shot (12 PTS),87 - 83,-4
0020400740,371,9,1,4,11:04 PM,9:29,SUNS Timeout: Regular (Full 4 Short 0),,,,
0020400740,373,8,0,4,11:06 PM,9:29,SUB: McCarty FOR Marion,,,,
0020400740,374,8,0,4,11:06 PM,9:29,SUB: Nash FOR Johnson,,,,
0020400740,375,8,0,4,11:07 PM,9:29,,,SUB: Lewis FOR Ridnour,,
0020400740,376,6,4,4,11:07 PM,9:13,McCarty OFF.Foul (P2),,,,
0020400740,377,5,5,4,11:07 PM,9:13,McCarty Foul Turnover (P1.T7),,,,
0020400740,378,1,1,4,11:07 PM,8:58,,,Allen 28' 3PT Jump Shot (10 PTS),90 - 83,-7
0020400740,379,1,1,4,11:08 PM,8:46,McCarty 26' 3PT Jump Shot (3 PTS) (Nash 10 AST),,,90 - 86,-4
0020400740,380,1,47,4,11:08 PM,8:21,,,Allen 16' Turnaround Jump Shot (12 PTS),92 - 86,-6
0020400740,381,1,5,4,11:08 PM,8:14,Stoudemire  Layup (23 PTS) (Nash 11 AST),,,92 - 88,-4
0020400740,382,6,2,4,11:09 PM,7:56,McCarty S.FOUL (P3.T2),,,,
0020400740,383,8,0,4,11:09 PM,7:56,SUB: Johnson FOR Jackson,,,,
0020400740,384,3,11,4,11:09 PM,7:56,,,Daniels Free Throw 1 of 2 (13 PTS),93 - 88,-5
0020400740,385,3,12,4,11:09 PM,7:56,,,Daniels Free Throw 2 of 2 (14 PTS),94 - 88,-6
0020400740,386,1,1,4,11:09 PM,7:45,Stoudemire 17' Jump Shot (25 PTS) (Johnson 3 AST),,,94 - 90,-4
0020400740,387,2,1,4,11:10 PM,7:30,,,MISS Daniels 17' Jump Shot,,
0020400740,388,4,0,4,11:10 PM,7:29,Nash REBOUND (Off:3 Def:2),,,,
0020400740,389,1,7,4,11:10 PM,7:22,Stoudemire  Dunk (27 PTS) (Nash 12 AST),,,94 - 92,-2
0020400740,390,1,1,4,11:10 PM,7:05,,,Allen 26' 3PT Jump Shot (15 PTS) (Daniels 3 AST),97 - 92,-5
0020400740,391,2,5,4,11:10 PM,6:53,MISS Richardson  Layup,,Lewis BLOCK (1 BLK),,
0020400740,392,4,0,4,11:10 PM,6:53,SUNS Rebound,,,,
0020400740,393,2,7,4,11:11 PM,6:51,MISS Stoudemire  Dunk,,Radmanovic BLOCK (1 BLK),,
0020400740,394,4,0,4,11:11 PM,6:48,,,Radmanovic REBOUND (Off:1 Def:4),,
0020400740,395,1,1,4,11:11 PM,6:38,,,Allen 18' Jump Shot (17 PTS),99 - 92,-7
0020400740,396,5,7,4,11:11 PM,6:30,Stoudemire Discontinue Dribble Turnover (P4.T8),,,,
0020400740,397,2,1,4,11:12 PM,6:11,,,MISS Allen  3PT Jump Shot,,
0020400740,398,4,0,4,11:12 PM,6:09,Stoudemire REBOUND (Off:1 Def:5),,,,
0020400740,399,2,1,4,11:12 PM,5:59,MISS Nash 15' Jump Shot,,,,
0020400740,400,4,0,4,11:12 PM,5:57,,,Allen REBOUND (Off:1 Def:2),,
0020400740,401,1,1,4,11:12 PM,5:37,,,Daniels 21' Jump Shot (16 PTS),101 - 92,-9
0020400740,402,6,1,4,11:13 PM,5:27,,,Collison P.FOUL (P5.T3),,
0020400740,403,9,4,4,11:13 PM,5:27,,,,,
0020400740,405,8,0,4,11:15 PM,5:27,SUB: Marion FOR McCarty,,,,
0020400740,407,2,5,4,11:15 PM,5:19,MISS Nash  Layup,,,,
0020400740,408,4,0,4,11:15 PM,5:18,,,Collison REBOUND (Off:0 Def:2),,
0020400740,409,2,44,4,11:16 PM,5:12,Richardson BLOCK (2 BLK),,MISS Allen  Reverse Layup,,
0020400740,410,4,0,4,11:16 PM,5:10,Nash REBOUND (Off:3 Def:3),,,,
0020400740,411,1,1,4,11:16 PM,5:00,Richardson 25' 3PT Jump Shot (20 PTS) (Johnson 4 AST),,,101 - 95,-6
0020400740,412,2,1,4,11:16 PM,4:35,,,MISS Daniels 24' 3PT Jump Shot,,
0020400740,414,4,0,4,11:16 PM,4:32,,,Collison REBOUND (Off:1 Def:2),,
0020400740,413,2,4,4,11:16 PM,4:32,,,MISS Collison  Tip Shot,,
0020400740,416,4,0,4,11:16 PM,4:32,,,Collison REBOUND (Off:2 Def:2),,
0020400740,415,1,5,4,11:16 PM,4:32,,,Collison  Layup (2 PTS),103 - 95,-8
0020400740,417,6,2,4,11:16 PM,4:32,Richardson S.FOUL (P3.T3),,,,
0020400740,418,3,10,4,11:17 PM,4:32,,,MISS Collison Free Throw 1 of 1,,
0020400740,419,4,0,4,11:17 PM,4:32,Richardson REBOUND (Off:1 Def:6),,,,
0020400740,420,1,7,4,11:17 PM,4:23,Stoudemire  Dunk (29 PTS) (Nash 13 AST),,,103 - 97,-6
0020400740,421,2,5,4,11:17 PM,3:51,,,MISS Collison  Layup,,
0020400740,423,4,0,4,11:17 PM,3:49,,,Lewis REBOUND (Off:2 Def:3),,
0020400740,422,2,5,4,11:17 PM,3:49,,,MISS Lewis  Layup,,
0020400740,424,4,0,4,11:17 PM,3:49,,,Lewis REBOUND (Off:3 Def:3),,
0020400740,425,6,2,4,11:17 PM,3:49,Nash S.FOUL (P3.T4),,,,
0020400740,426,3,11,4,11:18 PM,3:49,,,Lewis Free Throw 1 of 2 (22 PTS),104 - 97,-7
0020400740,427,3,12,4,11:18 PM,3:49,,,Lewis Free Throw 2 of 2 (23 PTS),105 - 97,-8
0020400740,428,2,1,4,11:18 PM,3:33,MISS Nash 21' Jump Shot,,,,
0020400740,429,4,0,4,11:18 PM,3:32,,,Radmanovic REBOUND (Off:1 Def:5),,
0020400740,430,2,1,4,11:19 PM,3:10,,,MISS Allen 26' 3PT Jump Shot,,
0020400740,431,4,0,4,11:19 PM,3:09,Nash REBOUND (Off:3 Def:4),,,,
0020400740,432,2,1,4,11:19 PM,2:59,MISS Johnson  3PT Jump Shot,,,,
0020400740,433,4,0,4,11:19 PM,2:57,,,Lewis REBOUND (Off:3 Def:4),,
0020400740,434,9,1,4,11:19 PM,2:56,,,SuperSonics Timeout: Regular (Reg.4 Short 0),,
0020400740,436,1,5,4,11:22 PM,2:33,,,Allen  Layup (19 PTS),107 - 97,-10
0020400740,437,6,1,4,11:22 PM,2:22,,,Collison P.FOUL (P6.T4),,
0020400740,438,8,0,4,11:23 PM,2:22,,,SUB: James FOR Collison,,
0020400740,439,2,5,4,11:24 PM,2:16,MISS Stoudemire  Layup,,,,
0020400740,440,4,0,4,11:24 PM,2:15,,,Allen REBOUND (Off:1 Def:3),,
0020400740,441,6,1,4,11:24 PM,2:15,Nash P.FOUL (P4.PN),,,,
0020400740,442,3,11,4,11:24 PM,2:15,,,Allen Free Throw 1 of 2 (20 PTS),108 - 97,-11
0020400740,443,3,12,4,11:24 PM,2:15,,,Allen Free Throw 2 of 2 (21 PTS),109 - 97,-12
0020400740,444,1,1,4,11:25 PM,2:01,Marion 7' Jump Shot (12 PTS),,,109 - 99,-10
0020400740,445,2,5,4,11:25 PM,1:40,,,MISS Lewis  Layup,,
0020400740,446,4,0,4,11:25 PM,1:39,Marion REBOUND (Off:0 Def:11),,,,
0020400740,447,1,7,4,11:25 PM,1:34,Marion  Dunk (14 PTS) (Nash 14 AST),,,109 - 101,-8
0020400740,448,1,1,4,11:26 PM,1:16,,,Daniels 16' Jump Shot (18 PTS),111 - 101,-10
0020400740,449,1,66,4,11:26 PM,1:11,Stoudemire 13' Jump Bank Shot (31 PTS) (Richardson 1 AST),,,111 - 103,-8
0020400740,450,6,2,4,11:27 PM,0:52,Nash S.FOUL (P5.PN),,,,
0020400740,451,3,11,4,11:27 PM,0:52,,,Daniels Free Throw 1 of 2 (19 PTS),112 - 103,-9
0020400740,452,3,12,4,11:27 PM,0:52,,,MISS Daniels Free Throw 2 of 2,,
0020400740,453,4,0,4,11:27 PM,0:50,Stoudemire REBOUND (Off:1 Def:6),,,,
0020400740,454,9,1,4,11:27 PM,0:50,SUNS Timeout: Regular (Full 5 Short 0),,,,
0020400740,456,8,0,4,11:29 PM,0:50,,,SUB: Ridnour FOR James,,
0020400740,457,6,1,4,11:30 PM,0:43,,,Radmanovic P.FOUL (P2.PN),,
0020400740,460,3,11,4,11:30 PM,0:43,Stoudemire Free Throw 1 of 2 (32 PTS),,,112 - 104,-8
0020400740,461,3,12,4,11:30 PM,0:43,Stoudemire Free Throw 2 of 2 (33 PTS),,,112 - 105,-7
0020400740,462,6,1,4,11:30 PM,0:40,Johnson P.FOUL (P2.PN),,,,
0020400740,463,3,11,4,11:31 PM,0:40,,,Daniels Free Throw 1 of 2 (20 PTS),113 - 105,-8
0020400740,464,3,12,4,11:31 PM,0:40,,,MISS Daniels Free Throw 2 of 2,,
0020400740,465,4,0,4,11:31 PM,0:40,Stoudemire REBOUND (Off:1 Def:7),,,,
0020400740,466,2,1,4,11:31 PM,0:32,MISS Richardson 25' 3PT Jump Shot,,,,
0020400740,467,4,0,4,11:31 PM,0:30,,,Lewis REBOUND (Off:3 Def:5),,
0020400740,468,5,11,4,11:32 PM,0:04,,,SuperSonics Turnover: Shot Clock (T#12),,
0020400740,469,2,1,4,11:32 PM,0:00,MISS Richardson 18' Jump Shot,,,,
0020400740,471,4,0,4,11:32 PM,0:00,SUNS Rebound,,,,
0020400740,470,13,0,4,11:32 PM,0:00,,,,113 - 105,-8
