GAME_ID,EVENTNUM,EVENTMSGTYPE,EVENTMSGACTIONTYPE,PERIOD,WCTIMESTRING,PCTIMESTRING,HOMEDESCRIPTION,NEUTRALDESCRIPTION,VISITORDESCRIPTION,SCORE,SCOREMARGIN,PERSON1TYPE,PLAYER1_ID,PLAYER1_NAME,PLAYER1_TEAM_ID,PLAYER1_TEAM_CITY,PLAYER1_TEAM_NICKNAME,PLAYER1_TEAM_ABBREVIATION,PERSON2TYPE,PLAYER2_ID,PLAYER2_NAME,PLAYER2_TEAM_ID,PLAYER2_TEAM_CITY,PLAYER2_TEAM_NICKNAME,PLAYER2_TEAM_ABBREVIATION,PERSON3TYPE,PLAYER3_ID,PLAYER3_NAME,PLAYER3_TEAM_ID,PLAYER3_TEAM_CITY,PLAYER3_TEAM_NICKNAME,PLAYER3_TEAM_ABBREVIATION,VIDEO_AVAILABLE_FLAG
0021900514,2,12,0,1,8:41 PM,12:00,,,,,,0,0,,,,,,0,0,,,,,,0,0,,,,,,0
0021900514,4,10,0,1,8:41 PM,12:00,Jump Ball Aldridge vs. Adams: Tip to Lyles,,,,,4,200746,LaMarcus Aldridge,1610612759.0,San Antonio,Spurs,SAS,5,203500,Steven Adams,1610612760.0,Oklahoma City,Thunder,OKC,4,1626168,Trey Lyles,1610612759.0,San Antonio,Spurs,SAS,1
0021900514,7,2,1,1,8:41 PM,11:42,MISS Aldridge 18' Jump Shot,,,,,4,200746,LaMarcus Aldridge,1610612759.0,San Antonio,Spurs,SAS,0,0,,,,,,0,0,,,,,,1
0021900514,8,4,0,1,8:41 PM,11:37,,,Paul REBOUND (Off:0 Def:1),,,5,101108,Chris Paul,1610612760.0,Oklahoma City,Thunder,OKC,0,0,,,,,,0,0,,,,,,1
0021900514,9,5,45,1,8:42 PM,11:34,,,Gilgeous-Alexander Out of Bounds - Bad Pass Turnover Turnover (P1.T1),,,5,1628983,Shai Gilgeous-Alexander,1610612760.0,Oklahoma City,Thunder,OKC,0,0,,,,,,1,0,,,,,,1
0021900514,10,5,2,1,8:42 PM,11:25,Murray Lost Ball Turnover (P1.T1),,Gilgeous-Alexander STEAL (1 STL),,,4,1627749,Dejounte Murray,1610612759.0,San Antonio,Spurs,SAS,5,1628983,Shai Gilgeous-Alexander,1610612760.0,Oklahoma City,Thunder,OKC,0,0,,,,,,1
0021900514,12,1,41,1,8:42 PM,11:21,,,Gilgeous-Alexander 1' Running Layup (2 PTS),2 - 0,-2,5,1628983,Shai Gilgeous-Alexander,1610612760.0,Oklahoma City,Thunder,OKC,0,0,,,,,,0,0,,,,,,1
0021900514,13,1,1,1,8:42 PM,11:09,Aldridge 26' 3PT Jump Shot (3 PTS) (Murray 1 AST),,,2 - 3,1,4,200746,LaMarcus Aldridge,1610612759.0,San Antonio,Spurs,SAS,4,1627749,Dejounte Murray,1610612759.0,San Antonio,Spurs,SAS,0,0,,,,,,1
0021900514,15,6,1,1,8:42 PM,10:57,Aldridge P.FOUL (P1.T1) (K.Scott),,,,,4,200746,LaMarcus Aldridge,1610612759.0,San Antonio,Spurs,SAS,5,203500,Steven Adams,1610612760.0,Oklahoma City,Thunder,OKC,1,0,,,,,,1
0021900514,17,6,4,1,8:43 PM,10:49,,,Adams OFF.Foul (P1) (J.Sterling),,,5,203500,Steven Adams,1610612760.0,Oklahoma City,Thunder,OKC,4,1626168,Trey Lyles,1610612759.0,San Antonio,Spurs,SAS,1,0,,,,,,1
0021900514,19,5,37,1,8:43 PM,10:49,,,Adams Offensive Foul Turnover (P1.T2),,,5,203500,Steven Adams,1610612760.0,Oklahoma City,Thunder,OKC,0,0,,,,,,1,0,,,,,,1
0021900514,20,2,79,1,8:44 PM,10:27,MISS Forbes 25' 3PT Pullup Jump Shot,,,,,4,1627854,Bryn Forbes,1610612759.0,San Antonio,Spurs,SAS,0,0,,,,,,0,0,,,,,,1
0021900514,21,4,0,1,8:44 PM,10:22,,,Paul REBOUND (Off:0 Def:2),,,5,101108,Chris Paul,1610612760.0,Oklahoma City,Thunder,OKC,0,0,,,,,,0,0,,,,,,1
0021900514,22,2,79,1,8:44 PM,10:19,,,MISS Gilgeous-Alexander 26' 3PT Pullup Jump Shot,,,5,1628983,Shai Gilgeous-Alexander,1610612760.0,Oklahoma City,Thunder,OKC,0,0,,,,,,0,0,,,,,,1
0021900514,26,4,0,1,8:44 PM,10:15,,,Thunder Rebound,,,3,1610612760,,,,,,0,0,,,,,,0,0,,,,,,0
0021900514,23,10,0,1,8:44 PM,10:15,Jump Ball DeRozan vs. Adams: Tip to,,,,,4,201942,DeMar DeRozan,1610612759.0,San Antonio,Spurs,SAS,5,203500,Steven Adams,1610612760.0,Oklahoma City,Thunder,OKC,3,1610612760,,,,,,1
0021900514,28,1,79,1,8:44 PM,10:08,,,Gallinari 13' Pullup Jump Shot (2 PTS),4 - 3,-1,5,201568,Danilo Gallinari,1610612760.0,Oklahoma City,Thunder,OKC,0,0,,,,,,0,0,,,,,,1
0021900514,29,1,1,1,8:45 PM,9:50,DeRozan  3PT Jump Shot (3 PTS) (Forbes 1 AST),,,4 - 6,2,4,201942,DeMar DeRozan,1610612759.0,San Antonio,Spurs,SAS,4,1627854,Bryn Forbes,1610612759.0,San Antonio,Spurs,SAS,0,0,,,,,,1
0021900514,31,2,75,1,8:45 PM,9:32,,,MISS Gilgeous-Alexander 1' Driving Finger Roll Layup,,,5,1628983,Shai Gilgeous-Alexander,1610612760.0,Oklahoma City,Thunder,OKC,0,0,,,,,,0,0,,,,,,1
0021900514,32,4,0,1,8:45 PM,9:29,Forbes REBOUND (Off:0 Def:1),,,,,4,1627854,Bryn Forbes,1610612759.0,San Antonio,Spurs,SAS,0,0,,,,,,0,0,,,,,,1
0021900514,33,1,1,1,8:45 PM,9:22,Aldridge 25' 3PT Jump Shot (6 PTS) (Murray 2 AST),,,4 - 9,5,4,200746,LaMarcus Aldridge,1610612759.0,San Antonio,Spurs,SAS,4,1627749,Dejounte Murray,1610612759.0,San Antonio,Spurs,SAS,0,0,,,,,,1
0021900514,36,6,1,1,8:46 PM,9:06,Lyles P.FOUL (P1.T2) (K.Scott),,,,,4,1626168,Trey Lyles,1610612759.0,San Antonio,Spurs,SAS,5,203500,Steven Adams,1610612760.0,Oklahoma City,Thunder,OKC,1,0,,,,,,1
0021900514,38,2,79,1,8:46 PM,8:54,,,MISS Gallinari 25' 3PT Pullup Jump Shot,,,5,201568,Danilo Gallinari,1610612760.0,Oklahoma City,Thunder,OKC,0,0,,,,,,0,0,,,,,,1
0021900514,39,4,0,1,8:46 PM,8:52,,,Adams REBOUND (Off:1 Def:0),,,5,203500,Steven Adams,1610612760.0,Oklahoma City,Thunder,OKC,0,0,,,,,,0,0,,,,,,1
0021900514,40,6,1,1,8:46 PM,8:52,Murray P.FOUL (P1.T3) (B.Barnaky),,,,,4,1627749,Dejounte Murray,1610612759.0,San Antonio,Spurs,SAS,5,203500,Steven Adams,1610612760.0,Oklahoma City,Thunder,OKC,1,0,,,,,,1
0021900514,42,9,1,1,8:47 PM,8:52,,,Thunder Timeout: Regular (Reg.1 Short 0),,,3,1610612760,,,,,,0,0,,,,,,0,0,,,,,,0
0021900514,43,1,79,1,8:50 PM,8:42,,,Paul 18' Pullup Jump Shot (2 PTS),6 - 9,3,5,101108,Chris Paul,1610612760.0,Oklahoma City,Thunder,OKC,0,0,,,,,,0,0,,,,,,1
0021900514,44,1,75,1,8:50 PM,8:28,Murray 1' Driving Finger Roll Layup (2 PTS),,,6 - 11,5,4,1627749,Dejounte Murray,1610612759.0,San Antonio,Spurs,SAS,0,0,,,,,,0,0,,,,,,1
0021900514,45,1,1,1,8:50 PM,8:19,,,Gallinari 25' 3PT Jump Shot (5 PTS) (Paul 1 AST),9 - 11,2,5,201568,Danilo Gallinari,1610612760.0,Oklahoma City,Thunder,OKC,5,101108,Chris Paul,1610612760.0,Oklahoma City,Thunder,OKC,0,0,,,,,,1
0021900514,47,2,1,1,8:50 PM,8:01,MISS Forbes 26' 3PT Jump Shot,,,,,4,1627854,Bryn Forbes,1610612759.0,San Antonio,Spurs,SAS,0,0,,,,,,0,0,,,,,,1
0021900514,48,4,0,1,8:50 PM,7:56,,,Gilgeous-Alexander REBOUND (Off:0 Def:1),,,5,1628983,Shai Gilgeous-Alexander,1610612760.0,Oklahoma City,Thunder,OKC,0,0,,,,,,0,0,,,,,,1
0021900514,49,1,76,1,8:50 PM,7:54,,,Paul 1' Running Finger Roll Layup (4 PTS) (Gilgeous-Alexander 1 AST),11 - 11,TIE,5,101108,Chris Paul,1610612760.0,Oklahoma City,Thunder,OKC,5,1628983,Shai Gilgeous-Alexander,1610612760.0,Oklahoma City,Thunder,OKC,0,0,,,,,,1
0021900514,51,1,1,1,8:51 PM,7:32,Lyles  3PT Jump Shot (3 PTS) (Murray 3 AST),,,11 - 14,3,4,1626168,Trey Lyles,1610612759.0,San Antonio,Spurs,SAS,4,1627749,Dejounte Murray,1610612759.0,San Antonio,Spurs,SAS,0,0,,,,,,1
0021900514,53,1,47,1,8:51 PM,7:13,,,Gallinari 10' Turnaround Jump Shot (7 PTS),13 - 14,1,5,201568,Danilo Gallinari,1610612760.0,Oklahoma City,Thunder,OKC,0,0,,,,,,0,0,,,,,,1
0021900514,54,1,47,1,8:51 PM,7:03,DeRozan 8' Turnaround Jump Shot (5 PTS),,,13 - 16,3,4,201942,DeMar DeRozan,1610612759.0,San Antonio,Spurs,SAS,0,0,,,,,,0,0,,,,,,1
0021900514,55,1,57,1,8:51 PM,6:46,,,Adams 7' Driving Hook Shot (2 PTS),15 - 16,1,5,203500,Steven Adams,1610612760.0,Oklahoma City,Thunder,OKC,0,0,,,,,,0,0,,,,,,1
0021900514,56,2,1,1,8:52 PM,6:32,MISS DeRozan 24' 3PT Jump Shot,,,,,4,201942,DeMar DeRozan,1610612759.0,San Antonio,Spurs,SAS,0,0,,,,,,0,0,,,,,,1
0021900514,57,4,0,1,8:52 PM,6:30,Aldridge REBOUND (Off:1 Def:0),,,,,4,200746,LaMarcus Aldridge,1610612759.0,San Antonio,Spurs,SAS,0,0,,,,,,0,0,,,,,,1
0021900514,58,1,80,1,8:52 PM,6:26,Aldridge 14' Step Back Jump Shot (8 PTS),,,15 - 18,3,4,200746,LaMarcus Aldridge,1610612759.0,San Antonio,Spurs,SAS,0,0,,,,,,0,0,,,,,,1
0021900514,59,6,2,1,8:52 PM,6:07,Aldridge S.FOUL (P2.T4) (J.Sterling),,,,,4,200746,LaMarcus Aldridge,1610612759.0,San Antonio,Spurs,SAS,5,203500,Steven Adams,1610612760.0,Oklahoma City,Thunder,OKC,1,0,,,,,,1
0021900514,61,3,11,1,8:53 PM,6:07,,,MISS Adams Free Throw 1 of 2,,,5,203500,Steven Adams,1610612760.0,Oklahoma City,Thunder,OKC,0,0,,,,,,0,0,,,,,,1
0021900514,62,4,1,1,8:53 PM,6:07,,,Thunder Rebound,,,3,1610612760,,,,,,0,0,,,,,,0,0,,,,,,0
0021900514,63,8,0,1,8:53 PM,6:07,,,SUB: Schroder FOR Paul,,,5,101108,Chris Paul,1610612760.0,Oklahoma City,Thunder,OKC,5,203471,Dennis Schroder,1610612760.0,Oklahoma City,Thunder,OKC,0,0,,,,,,0
0021900514,65,3,12,1,8:53 PM,6:07,,,Adams Free Throw 2 of 2 (3 PTS),16 - 18,2,5,203500,Steven Adams,1610612760.0,Oklahoma City,Thunder,OKC,0,0,,,,,,0,0,,,,,,1
0021900514,66,6,1,1,8:53 PM,5:53,,,Adams P.FOUL (P2.T1) (B.Barnaky),,,5,203500,Steven Adams,1610612760.0,Oklahoma City,Thunder,OKC,4,200746,LaMarcus Aldridge,1610612759.0,San Antonio,Spurs,SAS,1,0,,,,,,1
0021900514,68,8,0,1,8:53 PM,5:53,SUB: Poeltl FOR Aldridge,,,,,4,200746,LaMarcus Aldridge,1610612759.0,San Antonio,Spurs,SAS,4,1627751,Jakob Poeltl,1610612759.0,San Antonio,Spurs,SAS,0,0,,,,,,0
0021900514,69,8,0,1,8:53 PM,5:53,,,SUB: Noel FOR Adams,,,5,203500,Steven Adams,1610612760.0,Oklahoma City,Thunder,OKC,5,203457,Nerlens Noel,1610612760.0,Oklahoma City,Thunder,OKC,0,0,,,,,,0
0021900514,72,2,79,1,8:54 PM,5:41,MISS Lyles 13' Pullup Jump Shot,,,,,4,1626168,Trey Lyles,1610612759.0,San Antonio,Spurs,SAS,0,0,,,,,,0,0,,,,,,1
0021900514,73,4,0,1,8:54 PM,5:38,,,Thunder Rebound,,,3,1610612760,,,,,,0,0,,,,,,0,0,,,,,,0
0021900514,75,6,2,1,8:55 PM,5:24,Poeltl S.FOUL (P1.PN) (K.Scott),,,,,4,1627751,Jakob Poeltl,1610612759.0,San Antonio,Spurs,SAS,5,203457,Nerlens Noel,1610612760.0,Oklahoma City,Thunder,OKC,1,0,,,,,,1
0021900514,77,3,11,1,8:55 PM,5:24,,,Noel Free Throw 1 of 2 (1 PTS),17 - 18,1,5,203457,Nerlens Noel,1610612760.0,Oklahoma City,Thunder,OKC,0,0,,,,,,0,0,,,,,,1
0021900514,78,8,0,1,8:55 PM,5:24,SUB: Gay FOR Murray,,,,,4,1627749,Dejounte Murray,1610612759.0,San Antonio,Spurs,SAS,4,200752,Rudy Gay,1610612759.0,San Antonio,Spurs,SAS,0,0,,,,,,0
0021900514,79,8,0,1,8:55 PM,5:24,SUB: White FOR Lyles,,,,,4,1626168,Trey Lyles,1610612759.0,San Antonio,Spurs,SAS,4,1628401,Derrick White,1610612759.0,San Antonio,Spurs,SAS,0,0,,,,,,0
0021900514,82,3,12,1,8:55 PM,5:24,,,Noel Free Throw 2 of 2 (2 PTS),18 - 18,TIE,5,203457,Nerlens Noel,1610612760.0,Oklahoma City,Thunder,OKC,0,0,,,,,,0,0,,,,,,1
0021900514,83,6,2,1,8:56 PM,5:09,,,Ferguson S.FOUL (P1.T2) (J.Sterling),,,5,1628390,Terrance Ferguson,1610612760.0,Oklahoma City,Thunder,OKC,4,201942,DeMar DeRozan,1610612759.0,San Antonio,Spurs,SAS,1,0,,,,,,1
0021900514,85,3,11,1,8:56 PM,5:09,DeRozan Free Throw 1 of 2 (6 PTS),,,18 - 19,1,4,201942,DeMar DeRozan,1610612759.0,San Antonio,Spurs,SAS,0,0,,,,,,0,0,,,,,,1
0021900514,86,8,0,1,8:56 PM,5:09,,,SUB: Diallo FOR Ferguson,,,5,1628390,Terrance Ferguson,1610612760.0,Oklahoma City,Thunder,OKC,5,1628977,Hamidou Diallo,1610612760.0,Oklahoma City,Thunder,OKC,0,0,,,,,,0
0021900514,88,3,12,1,8:56 PM,5:09,DeRozan Free Throw 2 of 2 (7 PTS),,,18 - 20,2,4,201942,DeMar DeRozan,1610612759.0,San Antonio,Spurs,SAS,0,0,,,,,,0,0,,,,,,1
0021900514,89,5,45,1,8:57 PM,4:46,,,Gallinari Out of Bounds - Bad Pass Turnover Turnover (P1.T3),,,5,201568,Danilo Gallinari,1610612760.0,Oklahoma City,Thunder,OKC,0,0,,,,,,1,0,,,,,,1
0021900514,90,8,0,1,8:57 PM,4:46,SUB: Mills FOR Forbes,,,,,4,1627854,Bryn Forbes,1610612759.0,San Antonio,Spurs,SAS,4,201988,Patty Mills,1610612759.0,San Antonio,Spurs,SAS,0,0,,,,,,0
0021900514,92,2,78,1,8:57 PM,4:32,MISS DeRozan 8' Floating Jump Shot,,,,,4,201942,DeMar DeRozan,1610612759.0,San Antonio,Spurs,SAS,0,0,,,,,,0,0,,,,,,1
0021900514,93,4,0,1,8:57 PM,4:30,,,Gilgeous-Alexander REBOUND (Off:0 Def:2),,,5,1628983,Shai Gilgeous-Alexander,1610612760.0,Oklahoma City,Thunder,OKC,0,0,,,,,,0,0,,,,,,1
0021900514,94,2,75,1,8:57 PM,4:27,Gay BLOCK (1 BLK),,MISS Diallo 1' Driving Finger Roll Layup,,,5,1628977,Hamidou Diallo,1610612760.0,Oklahoma City,Thunder,OKC,0,0,,,,,,4,200752,Rudy Gay,1610612759.0,San Antonio,Spurs,SAS,1
0021900514,96,4,0,1,8:57 PM,4:24,White REBOUND (Off:0 Def:1),,,,,4,1628401,Derrick White,1610612759.0,San Antonio,Spurs,SAS,0,0,,,,,,0,0,,,,,,1
0021900514,97,5,45,1,8:57 PM,4:17,Mills Out of Bounds - Bad Pass Turnover Turnover (P1.T2),,,,,4,201988,Patty Mills,1610612759.0,San Antonio,Spurs,SAS,0,0,,,,,,1,0,,,,,,1
0021900514,99,2,79,1,8:58 PM,4:07,,,MISS Diallo 10' Pullup Jump Shot,,,5,1628977,Hamidou Diallo,1610612760.0,Oklahoma City,Thunder,OKC,0,0,,,,,,0,0,,,,,,1
0021900514,100,4,0,1,8:58 PM,4:04,White REBOUND (Off:0 Def:2),,,,,4,1628401,Derrick White,1610612759.0,San Antonio,Spurs,SAS,0,0,,,,,,0,0,,,,,,1
0021900514,101,2,80,1,8:58 PM,3:56,MISS Gay  3PT Step Back Jump Shot,,,,,4,200752,Rudy Gay,1610612759.0,San Antonio,Spurs,SAS,0,0,,,,,,0,0,,,,,,1
0021900514,102,4,0,1,8:58 PM,3:56,,,Gilgeous-Alexander REBOUND (Off:0 Def:3),,,5,1628983,Shai Gilgeous-Alexander,1610612760.0,Oklahoma City,Thunder,OKC,0,0,,,,,,0,0,,,,,,1
0021900514,103,2,75,1,8:58 PM,3:40,Poeltl BLOCK (1 BLK),,MISS Gilgeous-Alexander 4' Driving Finger Roll Layup,,,5,1628983,Shai Gilgeous-Alexander,1610612760.0,Oklahoma City,Thunder,OKC,0,0,,,,,,4,1627751,Jakob Poeltl,1610612759.0,San Antonio,Spurs,SAS,1
0021900514,105,4,0,1,8:58 PM,3:37,DeRozan REBOUND (Off:0 Def:1),,,,,4,201942,DeMar DeRozan,1610612759.0,San Antonio,Spurs,SAS,0,0,,,,,,0,0,,,,,,1
0021900514,106,1,75,1,8:59 PM,3:33,DeRozan 2' Driving Finger Roll Layup (9 PTS),,,18 - 22,4,4,201942,DeMar DeRozan,1610612759.0,San Antonio,Spurs,SAS,0,0,,,,,,0,0,,,,,,1
0021900514,107,6,2,1,8:59 PM,3:33,,,Diallo S.FOUL (P1.T3) (B.Barnaky),,,5,1628977,Hamidou Diallo,1610612760.0,Oklahoma City,Thunder,OKC,4,201942,DeMar DeRozan,1610612759.0,San Antonio,Spurs,SAS,1,0,,,,,,1
0021900514,109,8,0,1,8:59 PM,3:33,,,SUB: Bazley FOR Gallinari,,,5,201568,Danilo Gallinari,1610612760.0,Oklahoma City,Thunder,OKC,5,1629647,Darius Bazley,1610612760.0,Oklahoma City,Thunder,OKC,0,0,,,,,,0
0021900514,111,3,10,1,8:59 PM,3:33,DeRozan Free Throw 1 of 1 (10 PTS),,,18 - 23,5,4,201942,DeMar DeRozan,1610612759.0,San Antonio,Spurs,SAS,0,0,,,,,,0,0,,,,,,1
0021900514,112,2,79,1,8:59 PM,3:21,,,MISS Schroder 12' Pullup Jump Shot,,,5,203471,Dennis Schroder,1610612760.0,Oklahoma City,Thunder,OKC,0,0,,,,,,0,0,,,,,,1
0021900514,113,4,0,1,8:59 PM,3:19,DeRozan REBOUND (Off:0 Def:2),,,,,4,201942,DeMar DeRozan,1610612759.0,San Antonio,Spurs,SAS,0,0,,,,,,0,0,,,,,,1
0021900514,114,5,1,1,8:59 PM,3:11,DeRozan Bad Pass Turnover (P1.T3),,Bazley STEAL (1 STL),,,4,201942,DeMar DeRozan,1610612759.0,San Antonio,Spurs,SAS,5,1629647,Darius Bazley,1610612760.0,Oklahoma City,Thunder,OKC,0,0,,,,,,1
0021900514,116,1,6,1,9:00 PM,3:05,,,Bazley 2' Driving Layup (2 PTS),20 - 23,3,5,1629647,Darius Bazley,1610612760.0,Oklahoma City,Thunder,OKC,0,0,,,,,,0,0,,,,,,1
0021900514,117,9,1,1,9:00 PM,3:05,SPURS Timeout: Regular (Full 1 Short 0),,,,,2,1610612759,,,,,,0,0,,,,,,0,0,,,,,,0
0021900514,118,2,80,1,9:03 PM,2:51,MISS Mills 25' 3PT Step Back Jump Shot,,,,,4,201988,Patty Mills,1610612759.0,San Antonio,Spurs,SAS,0,0,,,,,,0,0,,,,,,1
0021900514,119,4,0,1,9:03 PM,2:47,,,Bazley REBOUND (Off:0 Def:1),,,5,1629647,Darius Bazley,1610612760.0,Oklahoma City,Thunder,OKC,0,0,,,,,,0,0,,,,,,1
0021900514,120,1,79,1,9:03 PM,2:31,,,Bazley 5' Pullup Jump Shot (4 PTS) (Gilgeous-Alexander 2 AST),22 - 23,1,5,1629647,Darius Bazley,1610612760.0,Oklahoma City,Thunder,OKC,5,1628983,Shai Gilgeous-Alexander,1610612760.0,Oklahoma City,Thunder,OKC,0,0,,,,,,1
0021900514,122,2,5,1,9:03 PM,2:15,MISS Poeltl 2' Layup,,Noel BLOCK (1 BLK),,,4,1627751,Jakob Poeltl,1610612759.0,San Antonio,Spurs,SAS,0,0,,,,,,5,203457,Nerlens Noel,1610612760.0,Oklahoma City,Thunder,OKC,1
0021900514,124,4,0,1,9:03 PM,2:15,,,Gilgeous-Alexander REBOUND (Off:0 Def:4),,,5,1628983,Shai Gilgeous-Alexander,1610612760.0,Oklahoma City,Thunder,OKC,0,0,,,,,,0,0,,,,,,1
0021900514,125,1,66,1,9:04 PM,1:51,,,Bazley 25' 3PT Jump Bank Shot (7 PTS) (Gilgeous-Alexander 3 AST),25 - 23,-2,5,1629647,Darius Bazley,1610612760.0,Oklahoma City,Thunder,OKC,5,1628983,Shai Gilgeous-Alexander,1610612760.0,Oklahoma City,Thunder,OKC,0,0,,,,,,1
0021900514,127,1,78,1,9:04 PM,1:39,DeRozan 13' Floating Jump Shot (12 PTS) (Gay 1 AST),,,25 - 25,TIE,4,201942,DeMar DeRozan,1610612759.0,San Antonio,Spurs,SAS,4,200752,Rudy Gay,1610612759.0,San Antonio,Spurs,SAS,0,0,,,,,,1
0021900514,129,7,5,1,9:04 PM,1:31,DeRozan Violation:Kicked Ball (K.Scott),,,,,4,201942,DeMar DeRozan,1610612759.0,San Antonio,Spurs,SAS,0,0,,,,,,1,0,,,,,,0
0021900514,130,8,0,1,9:04 PM,1:31,SUB: Walker IV FOR DeRozan,,,,,4,201942,DeMar DeRozan,1610612759.0,San Antonio,Spurs,SAS,4,1629022,Lonnie Walker IV,1610612759.0,San Antonio,Spurs,SAS,0,0,,,,,,0
0021900514,131,8,0,1,9:04 PM,1:31,,,SUB: Paul FOR Gilgeous-Alexander,,,5,1628983,Shai Gilgeous-Alexander,1610612760.0,Oklahoma City,Thunder,OKC,5,101108,Chris Paul,1610612760.0,Oklahoma City,Thunder,OKC,0,0,,,,,,0
0021900514,134,2,1,1,9:05 PM,1:21,,,MISS Schroder 25' 3PT Jump Shot,,,5,203471,Dennis Schroder,1610612760.0,Oklahoma City,Thunder,OKC,0,0,,,,,,0,0,,,,,,1
0021900514,135,4,0,1,9:05 PM,1:18,Walker IV REBOUND (Off:0 Def:1),,,,,4,1629022,Lonnie Walker IV,1610612759.0,San Antonio,Spurs,SAS,0,0,,,,,,0,0,,,,,,1
0021900514,136,1,108,1,9:05 PM,1:11,Poeltl 2' Cutting Dunk Shot (2 PTS) (Walker IV 1 AST),,,25 - 27,2,4,1627751,Jakob Poeltl,1610612759.0,San Antonio,Spurs,SAS,4,1629022,Lonnie Walker IV,1610612759.0,San Antonio,Spurs,SAS,0,0,,,,,,1
0021900514,138,1,52,1,9:05 PM,0:47,,,Noel  Alley Oop Dunk (4 PTS) (Paul 2 AST),27 - 27,TIE,5,203457,Nerlens Noel,1610612760.0,Oklahoma City,Thunder,OKC,5,101108,Chris Paul,1610612760.0,Oklahoma City,Thunder,OKC,0,0,,,,,,1
0021900514,140,2,79,1,9:06 PM,0:33,MISS White 24' 3PT Pullup Jump Shot,,,,,4,1628401,Derrick White,1610612759.0,San Antonio,Spurs,SAS,0,0,,,,,,0,0,,,,,,1
0021900514,141,4,0,1,9:06 PM,0:30,,,Paul REBOUND (Off:0 Def:3),,,5,101108,Chris Paul,1610612760.0,Oklahoma City,Thunder,OKC,0,0,,,,,,0,0,,,,,,1
0021900514,142,2,79,1,9:06 PM,0:26,,,MISS Paul 25' 3PT Pullup Jump Shot,,,5,101108,Chris Paul,1610612760.0,Oklahoma City,Thunder,OKC,0,0,,,,,,0,0,,,,,,1
0021900514,143,4,0,1,9:06 PM,0:22,White REBOUND (Off:0 Def:3),,,,,4,1628401,Derrick White,1610612759.0,San Antonio,Spurs,SAS,0,0,,,,,,0,0,,,,,,1
0021900514,144,2,78,1,9:06 PM,0:01,MISS Gay 16' Floating Jump Shot,,,,,4,200752,Rudy Gay,1610612759.0,San Antonio,Spurs,SAS,0,0,,,,,,0,0,,,,,,1
0021900514,145,4,0,1,9:06 PM,0:01,,,Noel REBOUND (Off:0 Def:1),,,5,203457,Nerlens Noel,1610612760.0,Oklahoma City,Thunder,OKC,0,0,,,,,,0,0,,,,,,1
0021900514,146,2,1,1,9:06 PM,0:00,White BLOCK (1 BLK),,MISS Schroder 78' 3PT Jump Shot,,,5,203471,Dennis Schroder,1610612760.0,Oklahoma City,Thunder,OKC,0,0,,,,,,4,1628401,Derrick White,1610612759.0,San Antonio,Spurs,SAS,1
0021900514,147,4,0,1,9:06 PM,0:00,,,Thunder Rebound,,,3,1610612760,,,,,,0,0,,,,,,0,0,,,,,,1
0021900514,149,13,0,1,9:07 PM,0:00,,,,27 - 27,TIE,0,0,,,,,,0,0,,,,,,0,0,,,,,,1
0021900514,150,12,0,2,9:09 PM,12:00,,,,27 - 27,TIE,0,0,,,,,,0,0,,,,,,0,0,,,,,,0
0021900514,151,1,102,2,9:09 PM,11:44,,,Paul 5' Driving Floating Bank Jump Shot (6 PTS),29 - 27,-2,5,101108,Chris Paul,1610612760.0,Oklahoma City,Thunder,OKC,0,0,,,,,,0,0,,,,,,1
0021900514,152,5,1,2,9:09 PM,11:29,White Bad Pass Turnover (P1.T4),,Paul STEAL (1 STL),,,4,1628401,Derrick White,1610612759.0,San Antonio,Spurs,SAS,5,101108,Chris Paul,1610612760.0,Oklahoma City,Thunder,OKC,0,0,,,,,,1
0021900514,154,6,2,2,9:10 PM,11:18,Poeltl S.FOUL (P2.T1) (J.Sterling),,,,,4,1627751,Jakob Poeltl,1610612759.0,San Antonio,Spurs,SAS,5,1628977,Hamidou Diallo,1610612760.0,Oklahoma City,Thunder,OKC,1,0,,,,,,1
0021900514,156,3,11,2,9:10 PM,11:18,,,Diallo Free Throw 1 of 2 (1 PTS),30 - 27,-3,5,1628977,Hamidou Diallo,1610612760.0,Oklahoma City,Thunder,OKC,0,0,,,,,,0,0,,,,,,1
0021900514,157,3,12,2,9:10 PM,11:18,,,MISS Diallo Free Throw 2 of 2,,,5,1628977,Hamidou Diallo,1610612760.0,Oklahoma City,Thunder,OKC,0,0,,,,,,0,0,,,,,,1
0021900514,158,4,0,2,9:10 PM,11:15,Gay REBOUND (Off:0 Def:1),,,,,4,200752,Rudy Gay,1610612759.0,San Antonio,Spurs,SAS,0,0,,,,,,0,0,,,,,,1
0021900514,159,1,79,2,9:11 PM,10:58,White 14' Pullup Jump Shot (2 PTS) (Poeltl 1 AST),,,30 - 29,-1,4,1628401,Derrick White,1610612759.0,San Antonio,Spurs,SAS,4,1627751,Jakob Poeltl,1610612759.0,San Antonio,Spurs,SAS,0,0,,,,,,1
0021900514,161,6,6,2,9:11 PM,10:58,,,Diallo AWAY.FROM.PLAY.FOUL (P2.T1) (J.Sterling),,,5,1628977,Hamidou Diallo,1610612760.0,Oklahoma City,Thunder,OKC,4,1627751,Jakob Poeltl,1610612759.0,San Antonio,Spurs,SAS,1,0,,,,,,1
0021900514,164,3,10,2,9:11 PM,10:58,MISS Poeltl Free Throw 1 of 1,,,,,4,1627751,Jakob Poeltl,1610612759.0,San Antonio,Spurs,SAS,0,0,,,,,,0,0,,,,,,1
0021900514,165,4,0,2,9:11 PM,10:56,White REBOUND (Off:1 Def:3),,,,,4,1628401,Derrick White,1610612759.0,San Antonio,Spurs,SAS,0,0,,,,,,0,0,,,,,,1
0021900514,166,2,75,2,9:11 PM,10:53,MISS Walker IV 1' Driving Finger Roll Layup,,,,,4,1629022,Lonnie Walker IV,1610612759.0,San Antonio,Spurs,SAS,0,0,,,,,,0,0,,,,,,1
0021900514,167,4,0,2,9:11 PM,10:50,Poeltl REBOUND (Off:1 Def:0),,,,,4,1627751,Jakob Poeltl,1610612759.0,San Antonio,Spurs,SAS,0,0,,,,,,0,0,,,,,,1
0021900514,168,1,1,2,9:12 PM,10:45,Gay  3PT Jump Shot (3 PTS) (White 1 AST),,,30 - 32,2,4,200752,Rudy Gay,1610612759.0,San Antonio,Spurs,SAS,4,1628401,Derrick White,1610612759.0,San Antonio,Spurs,SAS,0,0,,,,,,1
0021900514,170,9,1,2,9:12 PM,10:41,,,Thunder Timeout: Regular (Reg.2 Short 0),,,3,1610612760,,,,,,0,0,,,,,,0,0,,,,,,0
0021900514,171,8,0,2,9:14 PM,10:41,,,SUB: Nader FOR Diallo,,,5,1628977,Hamidou Diallo,1610612760.0,Oklahoma City,Thunder,OKC,5,1627846,Abdel Nader,1610612760.0,Oklahoma City,Thunder,OKC,0,0,,,,,,0
0021900514,173,2,66,2,9:15 PM,10:15,,,MISS Nader 28' 3PT Jump Bank Shot,,,5,1627846,Abdel Nader,1610612760.0,Oklahoma City,Thunder,OKC,0,0,,,,,,0,0,,,,,,1
0021900514,174,4,0,2,9:15 PM,10:13,White REBOUND (Off:1 Def:4),,,,,4,1628401,Derrick White,1610612759.0,San Antonio,Spurs,SAS,0,0,,,,,,0,0,,,,,,1
0021900514,175,1,79,2,9:15 PM,10:07,White 26' 3PT Pullup Jump Shot (5 PTS),,,30 - 35,5,4,1628401,Derrick White,1610612759.0,San Antonio,Spurs,SAS,0,0,,,,,,0,0,,,,,,1
0021900514,176,2,80,2,9:15 PM,9:49,,,MISS Schroder 13' Step Back Jump Shot,,,5,203471,Dennis Schroder,1610612760.0,Oklahoma City,Thunder,OKC,0,0,,,,,,0,0,,,,,,1
0021900514,177,4,0,2,9:15 PM,9:49,Poeltl REBOUND (Off:1 Def:1),,,,,4,1627751,Jakob Poeltl,1610612759.0,San Antonio,Spurs,SAS,0,0,,,,,,0,0,,,,,,1
0021900514,178,1,108,2,9:16 PM,9:37,Poeltl 1' Cutting Dunk Shot (4 PTS) (White 2 AST),,,30 - 37,7,4,1627751,Jakob Poeltl,1610612759.0,San Antonio,Spurs,SAS,4,1628401,Derrick White,1610612759.0,San Antonio,Spurs,SAS,0,0,,,,,,1
0021900514,180,2,1,2,9:16 PM,9:13,,,MISS Bazley  3PT Jump Shot,,,5,1629647,Darius Bazley,1610612760.0,Oklahoma City,Thunder,OKC,0,0,,,,,,0,0,,,,,,1
0021900514,181,4,0,2,9:16 PM,9:13,Walker IV REBOUND (Off:0 Def:2),,,,,4,1629022,Lonnie Walker IV,1610612759.0,San Antonio,Spurs,SAS,0,0,,,,,,0,0,,,,,,1
0021900514,182,1,99,2,9:16 PM,9:02,Mills 1' Cutting Finger Roll Layup Shot (2 PTS) (Gay 2 AST),,,30 - 39,9,4,201988,Patty Mills,1610612759.0,San Antonio,Spurs,SAS,4,200752,Rudy Gay,1610612759.0,San Antonio,Spurs,SAS,0,0,,,,,,1
0021900514,184,9,1,2,9:16 PM,9:02,,,Thunder Timeout: Regular (Reg.3 Short 0),,,3,1610612760,,,,,,0,0,,,,,,0,0,,,,,,0
0021900514,185,8,0,2,9:18 PM,9:02,SUB: Aldridge FOR Poeltl,,,,,4,1627751,Jakob Poeltl,1610612759.0,San Antonio,Spurs,SAS,4,200746,LaMarcus Aldridge,1610612759.0,San Antonio,Spurs,SAS,0,0,,,,,,0
0021900514,186,8,0,2,9:18 PM,9:02,,,SUB: Gilgeous-Alexander FOR Paul,,,5,101108,Chris Paul,1610612760.0,Oklahoma City,Thunder,OKC,5,1628983,Shai Gilgeous-Alexander,1610612760.0,Oklahoma City,Thunder,OKC,0,0,,,,,,0
0021900514,187,8,0,2,9:18 PM,9:02,,,SUB: Adams FOR Noel,,,5,203457,Nerlens Noel,1610612760.0,Oklahoma City,Thunder,OKC,5,203500,Steven Adams,1610612760.0,Oklahoma City,Thunder,OKC,0,0,,,,,,0
0021900514,191,2,58,2,9:19 PM,8:55,,,MISS Adams 8' Turnaround Hook Shot,,,5,203500,Steven Adams,1610612760.0,Oklahoma City,Thunder,OKC,0,0,,,,,,0,0,,,,,,1
0021900514,192,4,0,2,9:19 PM,8:52,Walker IV REBOUND (Off:0 Def:3),,,,,4,1629022,Lonnie Walker IV,1610612759.0,San Antonio,Spurs,SAS,0,0,,,,,,0,0,,,,,,1
0021900514,193,2,80,2,9:19 PM,8:44,MISS Mills 26' 3PT Step Back Jump Shot,,,,,4,201988,Patty Mills,1610612759.0,San Antonio,Spurs,SAS,0,0,,,,,,0,0,,,,,,1
0021900514,194,4,0,2,9:19 PM,8:41,Walker IV REBOUND (Off:1 Def:3),,,,,4,1629022,Lonnie Walker IV,1610612759.0,San Antonio,Spurs,SAS,0,0,,,,,,0,0,,,,,,1
0021900514,195,2,79,2,9:20 PM,8:32,MISS Aldridge 14' Pullup Jump Shot,,,,,4,200746,LaMarcus Aldridge,1610612759.0,San Antonio,Spurs,SAS,0,0,,,,,,0,0,,,,,,1
0021900514,196,4,0,2,9:20 PM,8:29,,,Adams REBOUND (Off:1 Def:1),,,5,203500,Steven Adams,1610612760.0,Oklahoma City,Thunder,OKC,0,0,,,,,,0,0,,,,,,1
0021900514,197,2,80,2,9:20 PM,8:21,,,MISS Gilgeous-Alexander 26' 3PT Step Back Jump Shot,,,5,1628983,Shai Gilgeous-Alexander,1610612760.0,Oklahoma City,Thunder,OKC,0,0,,,,,,0,0,,,,,,1
0021900514,198,4,0,2,9:20 PM,8:17,Aldridge REBOUND (Off:1 Def:1),,,,,4,200746,LaMarcus Aldridge,1610612759.0,San Antonio,Spurs,SAS,0,0,,,,,,0,0,,,,,,1
0021900514,199,1,1,2,9:20 PM,8:03,Walker IV 26' 3PT Jump Shot (3 PTS) (White 3 AST),,,30 - 42,12,4,1629022,Lonnie Walker IV,1610612759.0,San Antonio,Spurs,SAS,4,1628401,Derrick White,1610612759.0,San Antonio,Spurs,SAS,0,0,,,,,,1
0021900514,201,6,1,2,9:20 PM,7:49,Mills P.FOUL (P1.T2) (J.Sterling),,,,,4,201988,Patty Mills,1610612759.0,San Antonio,Spurs,SAS,5,203471,Dennis Schroder,1610612760.0,Oklahoma City,Thunder,OKC,1,0,,,,,,1
0021900514,203,8,0,2,9:21 PM,7:49,,,SUB: Gallinari FOR Bazley,,,5,1629647,Darius Bazley,1610612760.0,Oklahoma City,Thunder,OKC,5,201568,Danilo Gallinari,1610612760.0,Oklahoma City,Thunder,OKC,0,0,,,,,,0
0021900514,205,8,0,2,9:21 PM,7:49,SUB: Murray FOR White,,,,,4,1628401,Derrick White,1610612759.0,San Antonio,Spurs,SAS,4,1627749,Dejounte Murray,1610612759.0,San Antonio,Spurs,SAS,0,0,,,,,,0
0021900514,207,2,80,2,9:21 PM,7:36,,,MISS Gallinari 25' 3PT Step Back Jump Shot,,,5,201568,Danilo Gallinari,1610612760.0,Oklahoma City,Thunder,OKC,0,0,,,,,,0,0,,,,,,1
0021900514,208,4,0,2,9:21 PM,7:33,,,Adams REBOUND (Off:2 Def:1),,,5,203500,Steven Adams,1610612760.0,Oklahoma City,Thunder,OKC,0,0,,,,,,0,0,,,,,,1
0021900514,209,2,72,2,9:21 PM,7:32,Aldridge BLOCK (1 BLK),,MISS Adams 1' Putback Layup,,,5,203500,Steven Adams,1610612760.0,Oklahoma City,Thunder,OKC,0,0,,,,,,4,200746,LaMarcus Aldridge,1610612759.0,San Antonio,Spurs,SAS,1
0021900514,211,4,0,2,9:21 PM,7:27,Walker IV REBOUND (Off:1 Def:4),,,,,4,1629022,Lonnie Walker IV,1610612759.0,San Antonio,Spurs,SAS,0,0,,,,,,0,0,,,,,,1
0021900514,212,6,2,2,9:21 PM,7:20,,,Adams S.FOUL (P3.T2) (J.Sterling),,,5,203500,Steven Adams,1610612760.0,Oklahoma City,Thunder,OKC,4,200746,LaMarcus Aldridge,1610612759.0,San Antonio,Spurs,SAS,1,0,,,,,,1
0021900514,214,3,11,2,9:22 PM,7:20,Aldridge Free Throw 1 of 2 (9 PTS),,,30 - 43,13,4,200746,LaMarcus Aldridge,1610612759.0,San Antonio,Spurs,SAS,0,0,,,,,,0,0,,,,,,1
0021900514,215,8,0,2,9:22 PM,7:20,SUB: Lyles FOR Mills,,,,,4,201988,Patty Mills,1610612759.0,San Antonio,Spurs,SAS,4,1626168,Trey Lyles,1610612759.0,San Antonio,Spurs,SAS,0,0,,,,,,0
0021900514,216,8,0,2,9:22 PM,7:20,SUB: Forbes FOR Gay,,,,,4,200752,Rudy Gay,1610612759.0,San Antonio,Spurs,SAS,4,1627854,Bryn Forbes,1610612759.0,San Antonio,Spurs,SAS,0,0,,,,,,0
0021900514,217,8,0,2,9:22 PM,7:20,,,SUB: Ferguson FOR Nader,,,5,1627846,Abdel Nader,1610612760.0,Oklahoma City,Thunder,OKC,5,1628390,Terrance Ferguson,1610612760.0,Oklahoma City,Thunder,OKC,0,0,,,,,,0
0021900514,221,3,12,2,9:22 PM,7:20,Aldridge Free Throw 2 of 2 (10 PTS),,,30 - 44,14,4,200746,LaMarcus Aldridge,1610612759.0,San Antonio,Spurs,SAS,0,0,,,,,,0,0,,,,,,1
0021900514,222,1,80,2,9:22 PM,7:04,,,Schroder 25' 3PT Step Back Jump Shot (3 PTS) (Gallinari 1 AST),33 - 44,11,5,203471,Dennis Schroder,1610612760.0,Oklahoma City,Thunder,OKC,5,201568,Danilo Gallinari,1610612760.0,Oklahoma City,Thunder,OKC,0,0,,,,,,1
0021900514,223,5,2,2,9:23 PM,6:48,Murray Lost Ball Turnover (P2.T5),,Ferguson STEAL (1 STL),,,4,1627749,Dejounte Murray,1610612759.0,San Antonio,Spurs,SAS,5,1628390,Terrance Ferguson,1610612760.0,Oklahoma City,Thunder,OKC,0,0,,,,,,1
0021900514,226,1,101,2,9:23 PM,6:38,,,Gilgeous-Alexander 9' Driving Floating Jump Shot (4 PTS),35 - 44,9,5,1628983,Shai Gilgeous-Alexander,1610612760.0,Oklahoma City,Thunder,OKC,0,0,,,,,,0,0,,,,,,1
0021900514,227,9,1,2,9:23 PM,6:38,SPURS Timeout: Regular (Full 2 Short 0),,,,,2,1610612759,,,,,,0,0,,,,,,0,0,,,,,,0
0021900514,228,8,0,2,9:24 PM,6:38,SUB: DeRozan FOR Lyles,,,,,4,1626168,Trey Lyles,1610612759.0,San Antonio,Spurs,SAS,4,201942,DeMar DeRozan,1610612759.0,San Antonio,Spurs,SAS,0,0,,,,,,0
0021900514,230,5,10,2,9:25 PM,6:30,SPURS Turnover: 8 Second Violation (T#6),,,,,2,1610612759,,,,,,0,0,,,,,,0,0,,,,,,1
0021900514,231,1,78,2,9:25 PM,6:17,,,Schroder 7' Floating Jump Shot (5 PTS) (Gallinari 2 AST),37 - 44,7,5,203471,Dennis Schroder,1610612760.0,Oklahoma City,Thunder,OKC,5,201568,Danilo Gallinari,1610612760.0,Oklahoma City,Thunder,OKC,0,0,,,,,,1
0021900514,232,1,80,2,9:25 PM,6:01,Walker IV 16' Step Back Jump Shot (5 PTS),,,37 - 46,9,4,1629022,Lonnie Walker IV,1610612759.0,San Antonio,Spurs,SAS,0,0,,,,,,0,0,,,,,,1
0021900514,233,2,1,2,9:26 PM,5:45,,,MISS Gallinari 25' 3PT Jump Shot,,,5,201568,Danilo Gallinari,1610612760.0,Oklahoma City,Thunder,OKC,0,0,,,,,,0,0,,,,,,1
0021900514,234,4,0,2,9:26 PM,5:45,SPURS Rebound,,,,,2,1610612759,,,,,,0,0,,,,,,0,0,,,,,,0
0021900514,236,1,75,2,9:26 PM,5:32,DeRozan 1' Driving Finger Roll Layup (14 PTS),,,37 - 48,11,4,201942,DeMar DeRozan,1610612759.0,San Antonio,Spurs,SAS,0,0,,,,,,0,0,,,,,,1
0021900514,237,1,79,2,9:26 PM,5:16,,,Schroder 15' Pullup Jump Shot (7 PTS),39 - 48,9,5,203471,Dennis Schroder,1610612760.0,Oklahoma City,Thunder,OKC,0,0,,,,,,0,0,,,,,,1
0021900514,238,2,1,2,9:27 PM,5:03,MISS Forbes 24' 3PT Jump Shot,,,,,4,1627854,Bryn Forbes,1610612759.0,San Antonio,Spurs,SAS,0,0,,,,,,0,0,,,,,,1
0021900514,239,4,0,2,9:27 PM,5:03,,,Gallinari REBOUND (Off:0 Def:1),,,5,201568,Danilo Gallinari,1610612760.0,Oklahoma City,Thunder,OKC,0,0,,,,,,0,0,,,,,,1
0021900514,240,2,80,2,9:27 PM,4:54,,,MISS Gallinari 15' Step Back Jump Shot,,,5,201568,Danilo Gallinari,1610612760.0,Oklahoma City,Thunder,OKC,0,0,,,,,,0,0,,,,,,1
0021900514,241,4,0,2,9:27 PM,4:50,Aldridge REBOUND (Off:1 Def:2),,,,,4,200746,LaMarcus Aldridge,1610612759.0,San Antonio,Spurs,SAS,0,0,,,,,,0,0,,,,,,1
0021900514,242,2,101,2,9:27 PM,4:44,MISS Forbes 7' Driving Floating Jump Shot,,,,,4,1627854,Bryn Forbes,1610612759.0,San Antonio,Spurs,SAS,0,0,,,,,,0,0,,,,,,1
0021900514,243,4,0,2,9:27 PM,4:44,,,Adams REBOUND (Off:2 Def:2),,,5,203500,Steven Adams,1610612760.0,Oklahoma City,Thunder,OKC,0,0,,,,,,0,0,,,,,,1
0021900514,244,2,47,2,9:27 PM,4:28,,,MISS Gilgeous-Alexander 7' Turnaround Jump Shot,,,5,1628983,Shai Gilgeous-Alexander,1610612760.0,Oklahoma City,Thunder,OKC,0,0,,,,,,0,0,,,,,,1
0021900514,245,4,0,2,9:27 PM,4:26,Aldridge REBOUND (Off:1 Def:3),,,,,4,200746,LaMarcus Aldridge,1610612759.0,San Antonio,Spurs,SAS,0,0,,,,,,0,0,,,,,,1
0021900514,246,1,1,2,9:28 PM,4:10,Aldridge  3PT Jump Shot (13 PTS) (Murray 4 AST),,,39 - 51,12,4,200746,LaMarcus Aldridge,1610612759.0,San Antonio,Spurs,SAS,4,1627749,Dejounte Murray,1610612759.0,San Antonio,Spurs,SAS,0,0,,,,,,1
0021900514,248,1,1,2,9:28 PM,3:45,,,Schroder 25' 3PT Jump Shot (10 PTS),42 - 51,9,5,203471,Dennis Schroder,1610612760.0,Oklahoma City,Thunder,OKC,0,0,,,,,,0,0,,,,,,1
0021900514,249,2,6,2,9:28 PM,3:28,MISS Murray 3' Driving Layup,,Gilgeous-Alexander BLOCK (1 BLK),,,4,1627749,Dejounte Murray,1610612759.0,San Antonio,Spurs,SAS,0,0,,,,,,5,1628983,Shai Gilgeous-Alexander,1610612760.0,Oklahoma City,Thunder,OKC,1
0021900514,251,4,0,2,9:28 PM,3:23,,,Ferguson REBOUND (Off:0 Def:1),,,5,1628390,Terrance Ferguson,1610612760.0,Oklahoma City,Thunder,OKC,0,0,,,,,,0,0,,,,,,1
0021900514,252,2,78,2,9:28 PM,3:12,,,MISS Gallinari 6' Floating Jump Shot,,,5,201568,Danilo Gallinari,1610612760.0,Oklahoma City,Thunder,OKC,0,0,,,,,,0,0,,,,,,1
0021900514,253,4,0,2,9:29 PM,3:05,,,Adams REBOUND (Off:3 Def:2),,,5,203500,Steven Adams,1610612760.0,Oklahoma City,Thunder,OKC,0,0,,,,,,0,0,,,,,,1
0021900514,254,1,87,2,9:29 PM,3:05,,,Adams 1' Putback Dunk (5 PTS),44 - 51,7,5,203500,Steven Adams,1610612760.0,Oklahoma City,Thunder,OKC,0,0,,,,,,0,0,,,,,,1
0021900514,255,2,75,2,9:29 PM,2:53,MISS Walker IV 2' Driving Finger Roll Layup,,,,,4,1629022,Lonnie Walker IV,1610612759.0,San Antonio,Spurs,SAS,0,0,,,,,,0,0,,,,,,1
0021900514,256,4,0,2,9:29 PM,2:52,,,Gallinari REBOUND (Off:0 Def:2),,,5,201568,Danilo Gallinari,1610612760.0,Oklahoma City,Thunder,OKC,0,0,,,,,,0,0,,,,,,1
0021900514,257,6,1,2,9:29 PM,2:38,Forbes P.FOUL (P1.T3) (B.Barnaky),,,,,4,1627854,Bryn Forbes,1610612759.0,San Antonio,Spurs,SAS,5,201568,Danilo Gallinari,1610612760.0,Oklahoma City,Thunder,OKC,1,0,,,,,,1
0021900514,259,8,0,2,9:29 PM,2:38,SUB: Mills FOR Walker IV,,,,,4,1629022,Lonnie Walker IV,1610612759.0,San Antonio,Spurs,SAS,4,201988,Patty Mills,1610612759.0,San Antonio,Spurs,SAS,0,0,,,,,,0
0021900514,260,8,0,2,9:29 PM,2:38,,,SUB: Noel FOR Adams,,,5,203500,Steven Adams,1610612760.0,Oklahoma City,Thunder,OKC,5,203457,Nerlens Noel,1610612760.0,Oklahoma City,Thunder,OKC,0,0,,,,,,0
0021900514,261,8,0,2,9:29 PM,2:38,,,SUB: Paul FOR Schroder,,,5,203471,Dennis Schroder,1610612760.0,Oklahoma City,Thunder,OKC,5,101108,Chris Paul,1610612760.0,Oklahoma City,Thunder,OKC,0,0,,,,,,0
0021900514,265,2,79,2,9:30 PM,2:33,,,MISS Paul 13' Pullup Jump Shot,,,5,101108,Chris Paul,1610612760.0,Oklahoma City,Thunder,OKC,0,0,,,,,,0,0,,,,,,1
0021900514,266,4,0,2,9:30 PM,2:30,Mills REBOUND (Off:0 Def:1),,,,,4,201988,Patty Mills,1610612759.0,San Antonio,Spurs,SAS,0,0,,,,,,0,0,,,,,,1
0021900514,267,2,47,2,9:30 PM,2:08,MISS DeRozan 10' Turnaround Jump Shot,,,,,4,201942,DeMar DeRozan,1610612759.0,San Antonio,Spurs,SAS,0,0,,,,,,0,0,,,,,,1
0021900514,268,4,0,2,9:30 PM,2:05,,,Paul REBOUND (Off:0 Def:4),,,5,101108,Chris Paul,1610612760.0,Oklahoma City,Thunder,OKC,0,0,,,,,,0,0,,,,,,1
0021900514,269,2,1,2,9:30 PM,1:59,,,MISS Ferguson 25' 3PT Jump Shot,,,5,1628390,Terrance Ferguson,1610612760.0,Oklahoma City,Thunder,OKC,0,0,,,,,,0,0,,,,,,1
0021900514,270,4,0,2,9:30 PM,1:54,Aldridge REBOUND (Off:1 Def:4),,,,,4,200746,LaMarcus Aldridge,1610612759.0,San Antonio,Spurs,SAS,0,0,,,,,,0,0,,,,,,1
0021900514,271,2,79,2,9:30 PM,1:47,MISS Murray 8' Pullup Jump Shot,,,,,4,1627749,Dejounte Murray,1610612759.0,San Antonio,Spurs,SAS,0,0,,,,,,0,0,,,,,,1
0021900514,272,4,0,2,9:30 PM,1:45,Murray REBOUND (Off:1 Def:0),,,,,4,1627749,Dejounte Murray,1610612759.0,San Antonio,Spurs,SAS,0,0,,,,,,0,0,,,,,,1
0021900514,273,2,72,2,9:30 PM,1:45,MISS Murray 2' Putback Layup,,Gilgeous-Alexander BLOCK (2 BLK),,,4,1627749,Dejounte Murray,1610612759.0,San Antonio,Spurs,SAS,0,0,,,,,,5,1628983,Shai Gilgeous-Alexander,1610612760.0,Oklahoma City,Thunder,OKC,1
0021900514,275,4,0,2,9:30 PM,1:45,SPURS Rebound,,,,,2,1610612759,,,,,,0,0,,,,,,0,0,,,,,,0
0021900514,277,8,0,2,9:31 PM,1:45,SUB: White FOR Murray,,,,,4,1627749,Dejounte Murray,1610612759.0,San Antonio,Spurs,SAS,4,1628401,Derrick White,1610612759.0,San Antonio,Spurs,SAS,0,0,,,,,,0
0021900514,278,8,0,2,9:31 PM,1:45,,,SUB: Schroder FOR Gilgeous-Alexander,,,5,1628983,Shai Gilgeous-Alexander,1610612760.0,Oklahoma City,Thunder,OKC,5,203471,Dennis Schroder,1610612760.0,Oklahoma City,Thunder,OKC,0,0,,,,,,0
0021900514,281,2,79,2,9:31 PM,1:42,MISS DeRozan 13' Pullup Jump Shot,,Ferguson BLOCK (1 BLK),,,4,201942,DeMar DeRozan,1610612759.0,San Antonio,Spurs,SAS,0,0,,,,,,5,1628390,Terrance Ferguson,1610612760.0,Oklahoma City,Thunder,OKC,1
0021900514,283,4,0,2,9:31 PM,1:42,DeRozan REBOUND (Off:1 Def:2),,,,,4,201942,DeMar DeRozan,1610612759.0,San Antonio,Spurs,SAS,0,0,,,,,,0,0,,,,,,1
0021900514,284,1,47,2,9:31 PM,1:37,DeRozan 16' Turnaround Jump Shot (16 PTS),,,44 - 53,9,4,201942,DeMar DeRozan,1610612759.0,San Antonio,Spurs,SAS,0,0,,,,,,0,0,,,,,,1
0021900514,285,2,79,2,9:31 PM,1:27,,,MISS Schroder 10' Pullup Jump Shot,,,5,203471,Dennis Schroder,1610612760.0,Oklahoma City,Thunder,OKC,0,0,,,,,,0,0,,,,,,1
0021900514,286,4,0,2,9:31 PM,1:27,Aldridge REBOUND (Off:1 Def:5),,,,,4,200746,LaMarcus Aldridge,1610612759.0,San Antonio,Spurs,SAS,0,0,,,,,,0,0,,,,,,1
0021900514,287,5,2,2,9:31 PM,1:13,DeRozan Lost Ball Turnover (P2.T7),,Ferguson STEAL (2 STL),,,4,201942,DeMar DeRozan,1610612759.0,San Antonio,Spurs,SAS,5,1628390,Terrance Ferguson,1610612760.0,Oklahoma City,Thunder,OKC,0,0,,,,,,1
0021900514,289,1,41,2,9:32 PM,1:08,,,Ferguson 1' Running Layup (2 PTS),46 - 53,7,5,1628390,Terrance Ferguson,1610612760.0,Oklahoma City,Thunder,OKC,0,0,,,,,,0,0,,,,,,1
0021900514,290,7,1,2,9:32 PM,1:04,,,Thunder Violation: Delay of game Violation,,,3,1610612760,,,,,,0,0,,,,,,1,0,,,,,,0
0021900514,291,2,75,2,9:32 PM,0:49,MISS DeRozan 1' Driving Finger Roll Layup,,Noel BLOCK (2 BLK),,,4,201942,DeMar DeRozan,1610612759.0,San Antonio,Spurs,SAS,0,0,,,,,,5,203457,Nerlens Noel,1610612760.0,Oklahoma City,Thunder,OKC,1
0021900514,293,4,0,2,9:32 PM,0:46,,,Gallinari REBOUND (Off:0 Def:3),,,5,201568,Danilo Gallinari,1610612760.0,Oklahoma City,Thunder,OKC,0,0,,,,,,0,0,,,,,,1
0021900514,294,2,1,2,9:32 PM,0:42,,,MISS Gallinari 25' 3PT Jump Shot,,,5,201568,Danilo Gallinari,1610612760.0,Oklahoma City,Thunder,OKC,0,0,,,,,,0,0,,,,,,1
0021900514,295,4,0,2,9:32 PM,0:37,Forbes REBOUND (Off:0 Def:2),,,,,4,1627854,Bryn Forbes,1610612759.0,San Antonio,Spurs,SAS,0,0,,,,,,0,0,,,,,,1
0021900514,296,1,9,2,9:32 PM,0:23,DeRozan 1' Driving Dunk (18 PTS),,,46 - 55,9,4,201942,DeMar DeRozan,1610612759.0,San Antonio,Spurs,SAS,0,0,,,,,,0,0,,,,,,1
0021900514,297,6,28,2,9:33 PM,0:16,White Personal Take Foul (P1.T4) (B.Barnaky),,,,,4,1628401,Derrick White,1610612759.0,San Antonio,Spurs,SAS,5,101108,Chris Paul,1610612760.0,Oklahoma City,Thunder,OKC,1,0,,,,,,1
0021900514,299,2,79,2,9:33 PM,0:00,,,MISS Paul 10' Pullup Jump Shot,,,5,101108,Chris Paul,1610612760.0,Oklahoma City,Thunder,OKC,0,0,,,,,,0,0,,,,,,1
0021900514,300,4,0,2,9:33 PM,0:00,,,Thunder Rebound,,,3,1610612760,,,,,,0,0,,,,,,0,0,,,,,,0
0021900514,301,13,0,2,9:33 PM,0:00,,,,46 - 55,9,0,0,,,,,,0,0,,,,,,0,0,,,,,,1
0021900514,311,12,0,3,9:49 PM,12:00,,,,46 - 55,9,0,0,,,,,,0,0,,,,,,0,0,,,,,,0
0021900514,312,1,3,3,9:49 PM,11:45,,,Adams 11' Hook Shot (7 PTS),48 - 55,7,5,203500,Steven Adams,1610612760.0,Oklahoma City,Thunder,OKC,0,0,,,,,,0,0,,,,,,1
0021900514,313,6,2,3,9:49 PM,11:45,Lyles S.FOUL (P2.T1) (B.Barnaky),,,,,4,1626168,Trey Lyles,1610612759.0,San Antonio,Spurs,SAS,5,203500,Steven Adams,1610612760.0,Oklahoma City,Thunder,OKC,1,0,,,,,,1
0021900514,315,3,10,3,9:49 PM,11:45,,,Adams Free Throw 1 of 1 (8 PTS),49 - 55,6,5,203500,Steven Adams,1610612760.0,Oklahoma City,Thunder,OKC,0,0,,,,,,0,0,,,,,,1
0021900514,316,2,80,3,9:50 PM,11:21,MISS Aldridge 17' Step Back Jump Shot,,,,,4,200746,LaMarcus Aldridge,1610612759.0,San Antonio,Spurs,SAS,0,0,,,,,,0,0,,,,,,1
0021900514,317,4,0,3,9:50 PM,11:19,,,Paul REBOUND (Off:0 Def:5),,,5,101108,Chris Paul,1610612760.0,Oklahoma City,Thunder,OKC,0,0,,,,,,0,0,,,,,,1
0021900514,318,1,7,3,9:50 PM,11:10,,,Gilgeous-Alexander 1' Dunk (6 PTS) (Adams 1 AST),51 - 55,4,5,1628983,Shai Gilgeous-Alexander,1610612760.0,Oklahoma City,Thunder,OKC,5,203500,Steven Adams,1610612760.0,Oklahoma City,Thunder,OKC,0,0,,,,,,1
0021900514,320,9,1,3,9:50 PM,11:10,SPURS Timeout: Regular (Full 3 Short 0),,,,,2,1610612759,,,,,,0,0,,,,,,0,0,,,,,,0
0021900514,321,6,1,3,9:53 PM,11:02,,,Ferguson P.FOUL (P2.T1) (K.Scott),,,5,1628390,Terrance Ferguson,1610612760.0,Oklahoma City,Thunder,OKC,4,201942,DeMar DeRozan,1610612759.0,San Antonio,Spurs,SAS,1,0,,,,,,1
0021900514,323,2,1,3,9:54 PM,10:51,MISS Lyles 26' 3PT Jump Shot,,,,,4,1626168,Trey Lyles,1610612759.0,San Antonio,Spurs,SAS,0,0,,,,,,0,0,,,,,,1
0021900514,324,4,0,3,9:54 PM,10:48,,,Adams REBOUND (Off:3 Def:3),,,5,203500,Steven Adams,1610612760.0,Oklahoma City,Thunder,OKC,0,0,,,,,,0,0,,,,,,1
0021900514,325,2,80,3,9:54 PM,10:26,,,MISS Paul 25' 3PT Step Back Jump Shot,,,5,101108,Chris Paul,1610612760.0,Oklahoma City,Thunder,OKC,0,0,,,,,,0,0,,,,,,1
0021900514,326,4,0,3,9:54 PM,10:23,Forbes REBOUND (Off:0 Def:3),,,,,4,1627854,Bryn Forbes,1610612759.0,San Antonio,Spurs,SAS,0,0,,,,,,0,0,,,,,,1
0021900514,327,1,1,3,9:54 PM,10:07,Murray 25' 3PT Jump Shot (5 PTS) (Forbes 2 AST),,,51 - 58,7,4,1627749,Dejounte Murray,1610612759.0,San Antonio,Spurs,SAS,4,1627854,Bryn Forbes,1610612759.0,San Antonio,Spurs,SAS,0,0,,,,,,1
0021900514,329,6,1,3,9:55 PM,9:53,Lyles P.FOUL (P3.T2) (K.Scott),,,,,4,1626168,Trey Lyles,1610612759.0,San Antonio,Spurs,SAS,5,203500,Steven Adams,1610612760.0,Oklahoma City,Thunder,OKC,1,0,,,,,,1
0021900514,331,1,80,3,9:55 PM,9:46,,,Gallinari 25' 3PT Step Back Jump Shot (10 PTS),54 - 58,4,5,201568,Danilo Gallinari,1610612760.0,Oklahoma City,Thunder,OKC,0,0,,,,,,0,0,,,,,,1
0021900514,332,6,2,3,9:56 PM,9:25,,,Ferguson S.FOUL (P3.T2) (J.Sterling),,,5,1628390,Terrance Ferguson,1610612760.0,Oklahoma City,Thunder,OKC,4,200746,LaMarcus Aldridge,1610612759.0,San Antonio,Spurs,SAS,1,0,,,,,,1
0021900514,334,3,11,3,9:56 PM,9:25,Aldridge Free Throw 1 of 2 (14 PTS),,,54 - 59,5,4,200746,LaMarcus Aldridge,1610612759.0,San Antonio,Spurs,SAS,0,0,,,,,,0,0,,,,,,1
0021900514,335,3,12,3,9:56 PM,9:25,Aldridge Free Throw 2 of 2 (15 PTS),,,54 - 60,6,4,200746,LaMarcus Aldridge,1610612759.0,San Antonio,Spurs,SAS,0,0,,,,,,0,0,,,,,,1
0021900514,336,6,2,3,9:57 PM,9:14,Lyles S.FOUL (P4.T3) (J.Sterling),,,,,4,1626168,Trey Lyles,1610612759.0,San Antonio,Spurs,SAS,5,203500,Steven Adams,1610612760.0,Oklahoma City,Thunder,OKC,1,0,,,,,,1
0021900514,338,3,11,3,9:57 PM,9:14,,,MISS Adams Free Throw 1 of 2,,,5,203500,Steven Adams,1610612760.0,Oklahoma City,Thunder,OKC,0,0,,,,,,0,0,,,,,,1
0021900514,339,4,1,3,9:57 PM,9:14,,,Thunder Rebound,,,3,1610612760,,,,,,0,0,,,,,,0,0,,,,,,0
0021900514,340,8,0,3,9:57 PM,9:14,SUB: Gay FOR Lyles,,,,,4,1626168,Trey Lyles,1610612759.0,San Antonio,Spurs,SAS,4,200752,Rudy Gay,1610612759.0,San Antonio,Spurs,SAS,0,0,,,,,,0
0021900514,342,3,12,3,9:57 PM,9:14,,,Adams Free Throw 2 of 2 (9 PTS),55 - 60,5,5,203500,Steven Adams,1610612760.0,Oklahoma City,Thunder,OKC,0,0,,,,,,0,0,,,,,,1
0021900514,343,2,1,3,9:58 PM,8:59,MISS DeRozan 20' Jump Shot,,,,,4,201942,DeMar DeRozan,1610612759.0,San Antonio,Spurs,SAS,0,0,,,,,,0,0,,,,,,1
0021900514,344,4,0,3,9:58 PM,8:56,,,Paul REBOUND (Off:0 Def:6),,,5,101108,Chris Paul,1610612760.0,Oklahoma City,Thunder,OKC,0,0,,,,,,0,0,,,,,,1
0021900514,345,2,1,3,9:58 PM,8:50,,,MISS Gallinari 24' 3PT Jump Shot,,,5,201568,Danilo Gallinari,1610612760.0,Oklahoma City,Thunder,OKC,0,0,,,,,,0,0,,,,,,1
0021900514,346,4,0,3,9:58 PM,8:48,,,Thunder Rebound,,,3,1610612760,,,,,,0,0,,,,,,0,0,,,,,,1
0021900514,347,6,3,3,9:58 PM,8:48,Forbes L.B.FOUL (P2.T4) (K.Scott),,,,,4,1627854,Bryn Forbes,1610612759.0,San Antonio,Spurs,SAS,5,203500,Steven Adams,1610612760.0,Oklahoma City,Thunder,OKC,1,0,,,,,,1
0021900514,349,2,80,3,9:59 PM,8:33,,,MISS Gallinari 25' 3PT Step Back Jump Shot,,,5,201568,Danilo Gallinari,1610612760.0,Oklahoma City,Thunder,OKC,0,0,,,,,,0,0,,,,,,1
0021900514,350,4,0,3,9:59 PM,8:29,Murray REBOUND (Off:1 Def:1),,,,,4,1627749,Dejounte Murray,1610612759.0,San Antonio,Spurs,SAS,0,0,,,,,,0,0,,,,,,1
0021900514,351,2,75,3,9:59 PM,8:25,MISS Gay 3' Driving Finger Roll Layup,,,,,4,200752,Rudy Gay,1610612759.0,San Antonio,Spurs,SAS,0,0,,,,,,0,0,,,,,,1
0021900514,352,4,0,3,9:59 PM,8:25,Aldridge REBOUND (Off:2 Def:5),,,,,4,200746,LaMarcus Aldridge,1610612759.0,San Antonio,Spurs,SAS,0,0,,,,,,0,0,,,,,,1
0021900514,353,2,97,3,9:59 PM,8:20,MISS Aldridge 1' Tip Layup Shot,,,,,4,200746,LaMarcus Aldridge,1610612759.0,San Antonio,Spurs,SAS,0,0,,,,,,0,0,,,,,,1
0021900514,354,4,0,3,9:59 PM,8:19,,,Paul REBOUND (Off:0 Def:7),,,5,101108,Chris Paul,1610612760.0,Oklahoma City,Thunder,OKC,0,0,,,,,,0,0,,,,,,1
0021900514,355,1,5,3,9:59 PM,8:03,,,Gilgeous-Alexander 2' Layup (8 PTS),57 - 60,3,5,1628983,Shai Gilgeous-Alexander,1610612760.0,Oklahoma City,Thunder,OKC,0,0,,,,,,0,0,,,,,,1
0021900514,356,1,1,3,9:59 PM,7:50,Forbes 25' 3PT Jump Shot (3 PTS) (Gay 3 AST),,,57 - 63,6,4,1627854,Bryn Forbes,1610612759.0,San Antonio,Spurs,SAS,4,200752,Rudy Gay,1610612759.0,San Antonio,Spurs,SAS,0,0,,,,,,1
0021900514,358,1,75,3,10:00 PM,7:26,,,Gilgeous-Alexander 2' Driving Finger Roll Layup (10 PTS) (Paul 3 AST),59 - 63,4,5,1628983,Shai Gilgeous-Alexander,1610612760.0,Oklahoma City,Thunder,OKC,5,101108,Chris Paul,1610612760.0,Oklahoma City,Thunder,OKC,0,0,,,,,,1
0021900514,360,2,1,3,10:00 PM,7:08,MISS Forbes 26' 3PT Jump Shot,,,,,4,1627854,Bryn Forbes,1610612759.0,San Antonio,Spurs,SAS,0,0,,,,,,0,0,,,,,,1
0021900514,361,4,0,3,10:00 PM,7:05,Gay REBOUND (Off:1 Def:1),,,,,4,200752,Rudy Gay,1610612759.0,San Antonio,Spurs,SAS,0,0,,,,,,0,0,,,,,,1
0021900514,362,2,47,3,10:00 PM,6:55,MISS DeRozan 12' Turnaround Jump Shot,,,,,4,201942,DeMar DeRozan,1610612759.0,San Antonio,Spurs,SAS,0,0,,,,,,0,0,,,,,,1
0021900514,363,4,0,3,10:00 PM,6:53,,,Gallinari REBOUND (Off:0 Def:4),,,5,201568,Danilo Gallinari,1610612760.0,Oklahoma City,Thunder,OKC,0,0,,,,,,0,0,,,,,,1
0021900514,365,6,1,3,10:01 PM,6:46,Gay P.FOUL (P1.PN) (J.Sterling),,,,,4,200752,Rudy Gay,1610612759.0,San Antonio,Spurs,SAS,5,1628983,Shai Gilgeous-Alexander,1610612760.0,Oklahoma City,Thunder,OKC,1,0,,,,,,1
0021900514,367,3,11,3,10:01 PM,6:46,,,Gilgeous-Alexander Free Throw 1 of 2 (11 PTS),60 - 63,3,5,1628983,Shai Gilgeous-Alexander,1610612760.0,Oklahoma City,Thunder,OKC,0,0,,,,,,0,0,,,,,,1
0021900514,368,8,0,3,10:01 PM,6:46,,,SUB: Noel FOR Adams,,,5,203500,Steven Adams,1610612760.0,Oklahoma City,Thunder,OKC,5,203457,Nerlens Noel,1610612760.0,Oklahoma City,Thunder,OKC,0,0,,,,,,0
0021900514,370,3,12,3,10:01 PM,6:46,,,Gilgeous-Alexander Free Throw 2 of 2 (12 PTS),61 - 63,2,5,1628983,Shai Gilgeous-Alexander,1610612760.0,Oklahoma City,Thunder,OKC,0,0,,,,,,0,0,,,,,,1
0021900514,371,1,73,3,10:02 PM,6:25,DeRozan 2' Driving Reverse Layup (20 PTS),,,61 - 65,4,4,201942,DeMar DeRozan,1610612759.0,San Antonio,Spurs,SAS,0,0,,,,,,0,0,,,,,,1
0021900514,372,1,7,3,10:02 PM,6:13,,,Noel 1' Dunk (6 PTS) (Paul 4 AST),63 - 65,2,5,203457,Nerlens Noel,1610612760.0,Oklahoma City,Thunder,OKC,5,101108,Chris Paul,1610612760.0,Oklahoma City,Thunder,OKC,0,0,,,,,,1
0021900514,374,1,80,3,10:02 PM,5:57,Aldridge 19' Step Back Jump Shot (17 PTS) (DeRozan 1 AST),,,63 - 67,4,4,200746,LaMarcus Aldridge,1610612759.0,San Antonio,Spurs,SAS,4,201942,DeMar DeRozan,1610612759.0,San Antonio,Spurs,SAS,0,0,,,,,,1
0021900514,376,6,1,3,10:02 PM,5:44,Forbes P.FOUL (P3.PN) (B.Barnaky),,,,,4,1627854,Bryn Forbes,1610612759.0,San Antonio,Spurs,SAS,5,1628983,Shai Gilgeous-Alexander,1610612760.0,Oklahoma City,Thunder,OKC,1,0,,,,,,1
0021900514,378,3,11,3,10:03 PM,5:44,,,Gilgeous-Alexander Free Throw 1 of 2 (13 PTS),64 - 67,3,5,1628983,Shai Gilgeous-Alexander,1610612760.0,Oklahoma City,Thunder,OKC,0,0,,,,,,0,0,,,,,,1
0021900514,385,3,12,3,10:03 PM,5:44,,,MISS Gilgeous-Alexander Free Throw 2 of 2,,,5,1628983,Shai Gilgeous-Alexander,1610612760.0,Oklahoma City,Thunder,OKC,0,0,,,,,,0,0,,,,,,1
0021900514,379,8,0,3,10:03 PM,5:44,SUB: White FOR Murray,,,,,4,1627749,Dejounte Murray,1610612759.0,San Antonio,Spurs,SAS,4,1628401,Derrick White,1610612759.0,San Antonio,Spurs,SAS,0,0,,,,,,0
0021900514,380,8,0,3,10:03 PM,5:44,SUB: Mills FOR Forbes,,,,,4,1627854,Bryn Forbes,1610612759.0,San Antonio,Spurs,SAS,4,201988,Patty Mills,1610612759.0,San Antonio,Spurs,SAS,0,0,,,,,,0
0021900514,381,8,0,3,10:03 PM,5:44,,,SUB: Schroder FOR Ferguson,,,5,1628390,Terrance Ferguson,1610612760.0,Oklahoma City,Thunder,OKC,5,203471,Dennis Schroder,1610612760.0,Oklahoma City,Thunder,OKC,0,0,,,,,,0
0021900514,386,4,0,3,10:03 PM,5:42,SPURS Rebound,,,,,2,1610612759,,,,,,0,0,,,,,,0,0,,,,,,0
0021900514,388,2,79,3,10:03 PM,5:26,MISS Aldridge 7' Pullup Jump Shot,,,,,4,200746,LaMarcus Aldridge,1610612759.0,San Antonio,Spurs,SAS,0,0,,,,,,0,0,,,,,,1
0021900514,389,4,0,3,10:04 PM,5:23,,,Gilgeous-Alexander REBOUND (Off:0 Def:5),,,5,1628983,Shai Gilgeous-Alexander,1610612760.0,Oklahoma City,Thunder,OKC,0,0,,,,,,0,0,,,,,,1
0021900514,390,1,79,3,10:04 PM,5:12,,,Gilgeous-Alexander 26' 3PT Pullup Jump Shot (16 PTS),67 - 67,TIE,5,1628983,Shai Gilgeous-Alexander,1610612760.0,Oklahoma City,Thunder,OKC,0,0,,,,,,0,0,,,,,,1
0021900514,391,2,1,3,10:04 PM,4:52,MISS White 26' 3PT Jump Shot,,,,,4,1628401,Derrick White,1610612759.0,San Antonio,Spurs,SAS,0,0,,,,,,0,0,,,,,,1
0021900514,392,4,0,3,10:04 PM,4:49,,,Noel REBOUND (Off:0 Def:2),,,5,203457,Nerlens Noel,1610612760.0,Oklahoma City,Thunder,OKC,0,0,,,,,,0,0,,,,,,1
0021900514,393,2,79,3,10:04 PM,4:34,,,MISS Gilgeous-Alexander 8' Pullup Jump Shot,,,5,1628983,Shai Gilgeous-Alexander,1610612760.0,Oklahoma City,Thunder,OKC,0,0,,,,,,0,0,,,,,,1
0021900514,394,4,0,3,10:04 PM,4:29,,,Noel REBOUND (Off:1 Def:2),,,5,203457,Nerlens Noel,1610612760.0,Oklahoma City,Thunder,OKC,0,0,,,,,,0,0,,,,,,1
0021900514,395,2,97,3,10:04 PM,4:29,,,MISS Noel 1' Tip Layup Shot,,,5,203457,Nerlens Noel,1610612760.0,Oklahoma City,Thunder,OKC,0,0,,,,,,0,0,,,,,,1
0021900514,396,4,0,3,10:04 PM,4:28,Gay REBOUND (Off:1 Def:2),,,,,4,200752,Rudy Gay,1610612759.0,San Antonio,Spurs,SAS,0,0,,,,,,0,0,,,,,,1
0021900514,397,1,75,3,10:04 PM,4:27,Gay 2' Driving Finger Roll Layup (5 PTS),,,67 - 69,2,4,200752,Rudy Gay,1610612759.0,San Antonio,Spurs,SAS,0,0,,,,,,0,0,,,,,,1
0021900514,398,1,80,3,10:05 PM,4:09,,,Gilgeous-Alexander 25' 3PT Step Back Jump Shot (19 PTS) (Schroder 1 AST),70 - 69,-1,5,1628983,Shai Gilgeous-Alexander,1610612760.0,Oklahoma City,Thunder,OKC,5,203471,Dennis Schroder,1610612760.0,Oklahoma City,Thunder,OKC,0,0,,,,,,1
0021900514,401,6,2,3,10:05 PM,3:53,,,Paul S.FOUL (P1.T3) (K.Scott),,,5,101108,Chris Paul,1610612760.0,Oklahoma City,Thunder,OKC,4,200752,Rudy Gay,1610612759.0,San Antonio,Spurs,SAS,1,0,,,,,,1
0021900514,403,3,11,3,10:06 PM,3:53,MISS Gay Free Throw 1 of 2,,,,,4,200752,Rudy Gay,1610612759.0,San Antonio,Spurs,SAS,0,0,,,,,,0,0,,,,,,1
0021900514,404,4,1,3,10:06 PM,3:53,SPURS Rebound,,,,,2,1610612759,,,,,,0,0,,,,,,0,0,,,,,,0
0021900514,405,8,0,3,10:06 PM,3:53,SUB: Walker IV FOR DeRozan,,,,,4,201942,DeMar DeRozan,1610612759.0,San Antonio,Spurs,SAS,4,1629022,Lonnie Walker IV,1610612759.0,San Antonio,Spurs,SAS,0,0,,,,,,0
0021900514,406,8,0,3,10:06 PM,3:53,,,SUB: Diallo FOR Paul,,,5,101108,Chris Paul,1610612760.0,Oklahoma City,Thunder,OKC,5,1628977,Hamidou Diallo,1610612760.0,Oklahoma City,Thunder,OKC,0,0,,,,,,0
0021900514,407,8,0,3,10:06 PM,3:53,,,SUB: Bazley FOR Gallinari,,,5,201568,Danilo Gallinari,1610612760.0,Oklahoma City,Thunder,OKC,5,1629647,Darius Bazley,1610612760.0,Oklahoma City,Thunder,OKC,0,0,,,,,,0
0021900514,411,3,12,3,10:06 PM,3:53,Gay Free Throw 2 of 2 (6 PTS),,,70 - 70,TIE,4,200752,Rudy Gay,1610612759.0,San Antonio,Spurs,SAS,0,0,,,,,,0,0,,,,,,1
0021900514,412,2,80,3,10:07 PM,3:40,,,MISS Gilgeous-Alexander 16' Step Back Jump Shot,,,5,1628983,Shai Gilgeous-Alexander,1610612760.0,Oklahoma City,Thunder,OKC,0,0,,,,,,0,0,,,,,,1
0021900514,413,4,0,3,10:07 PM,3:37,Aldridge REBOUND (Off:2 Def:6),,,,,4,200746,LaMarcus Aldridge,1610612759.0,San Antonio,Spurs,SAS,0,0,,,,,,0,0,,,,,,1
0021900514,414,2,1,3,10:07 PM,3:22,MISS Mills  3PT Jump Shot,,,,,4,201988,Patty Mills,1610612759.0,San Antonio,Spurs,SAS,0,0,,,,,,0,0,,,,,,1
0021900514,415,4,0,3,10:07 PM,3:17,Aldridge REBOUND (Off:3 Def:6),,,,,4,200746,LaMarcus Aldridge,1610612759.0,San Antonio,Spurs,SAS,0,0,,,,,,0,0,,,,,,1
0021900514,416,1,107,3,10:07 PM,3:17,Aldridge 1' Tip Dunk Shot (19 PTS),,,70 - 72,2,4,200746,LaMarcus Aldridge,1610612759.0,San Antonio,Spurs,SAS,0,0,,,,,,0,0,,,,,,1
0021900514,417,6,1,3,10:07 PM,3:04,White P.FOUL (P2.PN) (J.Sterling),,,,,4,1628401,Derrick White,1610612759.0,San Antonio,Spurs,SAS,5,203471,Dennis Schroder,1610612760.0,Oklahoma City,Thunder,OKC,1,0,,,,,,1
0021900514,419,3,11,3,10:08 PM,3:04,,,Schroder Free Throw 1 of 2 (11 PTS),71 - 72,1,5,203471,Dennis Schroder,1610612760.0,Oklahoma City,Thunder,OKC,0,0,,,,,,0,0,,,,,,1
0021900514,420,8,0,3,10:08 PM,3:04,,,SUB: Adams FOR Noel,,,5,203457,Nerlens Noel,1610612760.0,Oklahoma City,Thunder,OKC,5,203500,Steven Adams,1610612760.0,Oklahoma City,Thunder,OKC,0,0,,,,,,0
0021900514,422,3,12,3,10:08 PM,3:04,,,Schroder Free Throw 2 of 2 (12 PTS),72 - 72,TIE,5,203471,Dennis Schroder,1610612760.0,Oklahoma City,Thunder,OKC,0,0,,,,,,0,0,,,,,,1
0021900514,423,2,79,3,10:09 PM,2:38,MISS Mills 26' 3PT Pullup Jump Shot,,Adams BLOCK (1 BLK),,,4,201988,Patty Mills,1610612759.0,San Antonio,Spurs,SAS,0,0,,,,,,5,203500,Steven Adams,1610612760.0,Oklahoma City,Thunder,OKC,1
0021900514,424,4,0,3,10:09 PM,2:34,Aldridge REBOUND (Off:4 Def:6),,,,,4,200746,LaMarcus Aldridge,1610612759.0,San Antonio,Spurs,SAS,0,0,,,,,,0,0,,,,,,1
0021900514,425,2,97,3,10:09 PM,2:34,MISS Aldridge 1' Tip Layup Shot,,,,,4,200746,LaMarcus Aldridge,1610612759.0,San Antonio,Spurs,SAS,0,0,,,,,,0,0,,,,,,1
0021900514,426,4,0,3,10:09 PM,2:33,,,Gilgeous-Alexander REBOUND (Off:0 Def:6),,,5,1628983,Shai Gilgeous-Alexander,1610612760.0,Oklahoma City,Thunder,OKC,0,0,,,,,,0,0,,,,,,1
0021900514,427,2,3,3,10:09 PM,2:19,,,MISS Adams 6' Hook Shot,,,5,203500,Steven Adams,1610612760.0,Oklahoma City,Thunder,OKC,0,0,,,,,,0,0,,,,,,1
0021900514,428,4,0,3,10:09 PM,2:19,,,Thunder Rebound,,,3,1610612760,,,,,,0,0,,,,,,0,0,,,,,,0
0021900514,430,9,1,3,10:09 PM,2:19,,,Thunder Timeout: Regular (Reg.4 Short 0),,,3,1610612760,,,,,,0,0,,,,,,0,0,,,,,,0
0021900514,431,2,63,3,10:12 PM,2:14,,,MISS Gilgeous-Alexander 8' Fadeaway Jumper,,,5,1628983,Shai Gilgeous-Alexander,1610612760.0,Oklahoma City,Thunder,OKC,0,0,,,,,,0,0,,,,,,1
0021900514,432,4,0,3,10:12 PM,2:12,Walker IV REBOUND (Off:1 Def:5),,,,,4,1629022,Lonnie Walker IV,1610612759.0,San Antonio,Spurs,SAS,0,0,,,,,,0,0,,,,,,1
0021900514,433,6,2,3,10:12 PM,2:04,,,Bazley S.FOUL (P1.T4) (B.Barnaky),,,5,1629647,Darius Bazley,1610612760.0,Oklahoma City,Thunder,OKC,4,1629022,Lonnie Walker IV,1610612759.0,San Antonio,Spurs,SAS,1,0,,,,,,1
0021900514,435,3,11,3,10:13 PM,2:04,Walker IV Free Throw 1 of 2 (6 PTS),,,72 - 73,1,4,1629022,Lonnie Walker IV,1610612759.0,San Antonio,Spurs,SAS,0,0,,,,,,0,0,,,,,,1
0021900514,436,8,0,3,10:13 PM,2:04,SUB: DeRozan FOR Gay,,,,,4,200752,Rudy Gay,1610612759.0,San Antonio,Spurs,SAS,4,201942,DeMar DeRozan,1610612759.0,San Antonio,Spurs,SAS,0,0,,,,,,0
0021900514,437,8,0,3,10:13 PM,2:04,,,SUB: Paul FOR Gilgeous-Alexander,,,5,1628983,Shai Gilgeous-Alexander,1610612760.0,Oklahoma City,Thunder,OKC,5,101108,Chris Paul,1610612760.0,Oklahoma City,Thunder,OKC,0,0,,,,,,0
0021900514,440,3,12,3,10:13 PM,2:04,Walker IV Free Throw 2 of 2 (7 PTS),,,72 - 74,2,4,1629022,Lonnie Walker IV,1610612759.0,San Antonio,Spurs,SAS,0,0,,,,,,0,0,,,,,,1
0021900514,441,2,80,3,10:14 PM,1:44,,,MISS Schroder 16' Step Back Jump Shot,,,5,203471,Dennis Schroder,1610612760.0,Oklahoma City,Thunder,OKC,0,0,,,,,,0,0,,,,,,1
0021900514,442,4,0,3,10:14 PM,1:42,White REBOUND (Off:1 Def:5),,,,,4,1628401,Derrick White,1610612759.0,San Antonio,Spurs,SAS,0,0,,,,,,0,0,,,,,,1
0021900514,443,1,5,3,10:14 PM,1:34,DeRozan 1' Layup (22 PTS),,,72 - 76,4,4,201942,DeMar DeRozan,1610612759.0,San Antonio,Spurs,SAS,0,0,,,,,,0,0,,,,,,1
0021900514,444,6,1,3,10:14 PM,1:16,DeRozan P.FOUL (P1.PN) (B.Barnaky),,,,,4,201942,DeMar DeRozan,1610612759.0,San Antonio,Spurs,SAS,5,1629647,Darius Bazley,1610612760.0,Oklahoma City,Thunder,OKC,1,0,,,,,,1
0021900514,446,3,11,3,10:15 PM,1:16,,,MISS Bazley Free Throw 1 of 2,,,5,1629647,Darius Bazley,1610612760.0,Oklahoma City,Thunder,OKC,0,0,,,,,,0,0,,,,,,1
0021900514,447,4,1,3,10:15 PM,1:16,,,Thunder Rebound,,,3,1610612760,,,,,,0,0,,,,,,0,0,,,,,,0
0021900514,448,3,12,3,10:15 PM,1:16,,,MISS Bazley Free Throw 2 of 2,,,5,1629647,Darius Bazley,1610612760.0,Oklahoma City,Thunder,OKC,0,0,,,,,,0,0,,,,,,1
0021900514,449,4,0,3,10:15 PM,1:14,Aldridge REBOUND (Off:4 Def:7),,,,,4,200746,LaMarcus Aldridge,1610612759.0,San Antonio,Spurs,SAS,0,0,,,,,,0,0,,,,,,1
0021900514,450,2,102,3,10:15 PM,0:56,MISS DeRozan 10' Driving Floating Bank Jump Shot,,,,,4,201942,DeMar DeRozan,1610612759.0,San Antonio,Spurs,SAS,0,0,,,,,,0,0,,,,,,1
0021900514,451,4,0,3,10:15 PM,0:53,,,Adams REBOUND (Off:3 Def:4),,,5,203500,Steven Adams,1610612760.0,Oklahoma City,Thunder,OKC,0,0,,,,,,0,0,,,,,,1
0021900514,452,2,6,3,10:15 PM,0:49,Aldridge BLOCK (2 BLK),,MISS Bazley 4' Driving Layup,,,5,1629647,Darius Bazley,1610612760.0,Oklahoma City,Thunder,OKC,0,0,,,,,,4,200746,LaMarcus Aldridge,1610612759.0,San Antonio,Spurs,SAS,1
0021900514,453,4,0,3,10:15 PM,0:44,,,Bazley REBOUND (Off:1 Def:1),,,5,1629647,Darius Bazley,1610612760.0,Oklahoma City,Thunder,OKC,0,0,,,,,,0,0,,,,,,1
0021900514,454,1,72,3,10:15 PM,0:44,,,Bazley 1' Putback Layup (9 PTS),74 - 76,2,5,1629647,Darius Bazley,1610612760.0,Oklahoma City,Thunder,OKC,0,0,,,,,,0,0,,,,,,1
0021900514,455,2,80,3,10:16 PM,0:24,MISS DeRozan 18' Step Back Jump Shot,,,,,4,201942,DeMar DeRozan,1610612759.0,San Antonio,Spurs,SAS,0,0,,,,,,0,0,,,,,,1
0021900514,456,4,0,3,10:16 PM,0:24,,,Diallo REBOUND (Off:0 Def:1),,,5,1628977,Hamidou Diallo,1610612760.0,Oklahoma City,Thunder,OKC,0,0,,,,,,0,0,,,,,,1
0021900514,457,2,79,3,10:16 PM,0:00,,,MISS Diallo 15' Pullup Jump Shot,,,5,1628977,Hamidou Diallo,1610612760.0,Oklahoma City,Thunder,OKC,0,0,,,,,,0,0,,,,,,1
0021900514,458,4,0,3,10:16 PM,0:00,,,Thunder Rebound,,,3,1610612760,,,,,,0,0,,,,,,0,0,,,,,,0
0021900514,459,13,0,3,10:16 PM,0:00,,,,74 - 76,2,0,0,,,,,,0,0,,,,,,0,0,,,,,,1
0021900514,463,12,0,4,10:19 PM,12:00,,,,74 - 76,2,0,0,,,,,,0,0,,,,,,0,0,,,,,,0
0021900514,464,2,1,4,10:19 PM,11:45,MISS Mills 25' 3PT Jump Shot,,,,,4,201988,Patty Mills,1610612759.0,San Antonio,Spurs,SAS,0,0,,,,,,0,0,,,,,,1
0021900514,465,4,0,4,10:19 PM,11:40,,,Bazley REBOUND (Off:1 Def:2),,,5,1629647,Darius Bazley,1610612760.0,Oklahoma City,Thunder,OKC,0,0,,,,,,0,0,,,,,,1
0021900514,466,1,5,4,10:19 PM,11:36,,,Adams 1' Layup (11 PTS) (Paul 5 AST),76 - 76,TIE,5,203500,Steven Adams,1610612760.0,Oklahoma City,Thunder,OKC,5,101108,Chris Paul,1610612760.0,Oklahoma City,Thunder,OKC,0,0,,,,,,1
0021900514,469,6,2,4,10:19 PM,11:36,White S.FOUL (P3.T1) (K.Scott),,,,,4,1628401,Derrick White,1610612759.0,San Antonio,Spurs,SAS,5,203500,Steven Adams,1610612760.0,Oklahoma City,Thunder,OKC,1,0,,,,,,1
0021900514,471,8,0,4,10:20 PM,11:36,,,SUB: Ferguson FOR Bazley,,,5,1629647,Darius Bazley,1610612760.0,Oklahoma City,Thunder,OKC,5,1628390,Terrance Ferguson,1610612760.0,Oklahoma City,Thunder,OKC,0,0,,,,,,0
0021900514,473,3,10,4,10:20 PM,11:36,,,Adams Free Throw 1 of 1 (12 PTS),77 - 76,-1,5,203500,Steven Adams,1610612760.0,Oklahoma City,Thunder,OKC,0,0,,,,,,0,0,,,,,,1
0021900514,474,2,79,4,10:20 PM,11:27,MISS Mills 20' Pullup Jump Shot,,,,,4,201988,Patty Mills,1610612759.0,San Antonio,Spurs,SAS,0,0,,,,,,0,0,,,,,,1
0021900514,475,4,0,4,10:20 PM,11:24,,,Schroder REBOUND (Off:0 Def:1),,,5,203471,Dennis Schroder,1610612760.0,Oklahoma City,Thunder,OKC,0,0,,,,,,0,0,,,,,,1
0021900514,476,2,6,4,10:20 PM,11:06,White BLOCK (2 BLK),,MISS Schroder 2' Driving Layup,,,5,203471,Dennis Schroder,1610612760.0,Oklahoma City,Thunder,OKC,0,0,,,,,,4,1628401,Derrick White,1610612759.0,San Antonio,Spurs,SAS,1
0021900514,478,4,0,4,10:20 PM,11:02,Mills REBOUND (Off:0 Def:2),,,,,4,201988,Patty Mills,1610612759.0,San Antonio,Spurs,SAS,0,0,,,,,,0,0,,,,,,1
0021900514,479,1,41,4,10:20 PM,10:59,Walker IV 1' Running Layup (9 PTS),,,77 - 78,1,4,1629022,Lonnie Walker IV,1610612759.0,San Antonio,Spurs,SAS,0,0,,,,,,0,0,,,,,,1
0021900514,480,1,79,4,10:21 PM,10:40,,,Paul 14' Pullup Jump Shot (8 PTS),79 - 78,-1,5,101108,Chris Paul,1610612760.0,Oklahoma City,Thunder,OKC,0,0,,,,,,0,0,,,,,,1
0021900514,481,2,98,4,10:21 PM,10:31,MISS Mills 3' Cutting Layup Shot,,,,,4,201988,Patty Mills,1610612759.0,San Antonio,Spurs,SAS,0,0,,,,,,0,0,,,,,,1
0021900514,482,4,0,4,10:21 PM,10:31,Walker IV REBOUND (Off:2 Def:5),,,,,4,1629022,Lonnie Walker IV,1610612759.0,San Antonio,Spurs,SAS,0,0,,,,,,0,0,,,,,,1
0021900514,483,1,97,4,10:21 PM,10:28,Walker IV 1' Tip Layup Shot (11 PTS),,,79 - 80,1,4,1629022,Lonnie Walker IV,1610612759.0,San Antonio,Spurs,SAS,0,0,,,,,,0,0,,,,,,1
0021900514,484,2,102,4,10:21 PM,10:09,,,MISS Diallo 2' Driving Floating Bank Jump Shot,,,5,1628977,Hamidou Diallo,1610612760.0,Oklahoma City,Thunder,OKC,0,0,,,,,,0,0,,,,,,1
0021900514,485,4,0,4,10:21 PM,10:07,Poeltl REBOUND (Off:1 Def:2),,,,,4,1627751,Jakob Poeltl,1610612759.0,San Antonio,Spurs,SAS,0,0,,,,,,0,0,,,,,,1
0021900514,486,2,1,4,10:21 PM,10:00,MISS Walker IV 25' 3PT Jump Shot,,,,,4,1629022,Lonnie Walker IV,1610612759.0,San Antonio,Spurs,SAS,0,0,,,,,,0,0,,,,,,1
0021900514,487,4,0,4,10:21 PM,9:59,White REBOUND (Off:2 Def:5),,,,,4,1628401,Derrick White,1610612759.0,San Antonio,Spurs,SAS,0,0,,,,,,0,0,,,,,,1
0021900514,574,2,97,4,10:22 PM,9:58,MISS White 1' Tip Layup Shot,,,,,4,1628401,Derrick White,1610612759.0,San Antonio,Spurs,SAS,0,0,,,,,,0,0,,,,,,1
0021900514,575,4,0,4,10:22 PM,9:57,Poeltl REBOUND (Off:2 Def:2),,,,,4,1627751,Jakob Poeltl,1610612759.0,San Antonio,Spurs,SAS,0,0,,,,,,0,0,,,,,,1
0021900514,584,2,97,4,10:22 PM,9:56,MISS Poeltl 1' Tip Layup Shot,,,,,4,1627751,Jakob Poeltl,1610612759.0,San Antonio,Spurs,SAS,0,0,,,,,,0,0,,,,,,1
0021900514,585,4,0,4,10:22 PM,9:56,SPURS Rebound,,,,,2,1610612759,,,,,,0,0,,,,,,0,0,,,,,,0
0021900514,489,6,3,4,10:22 PM,9:56,,,Paul L.B.FOUL (P2.T1) (K.Scott),,,5,101108,Chris Paul,1610612760.0,Oklahoma City,Thunder,OKC,4,1628401,Derrick White,1610612759.0,San Antonio,Spurs,SAS,1,0,,,,,,1
0021900514,491,2,80,4,10:22 PM,9:48,MISS White 19' Step Back Jump Shot,,,,,4,1628401,Derrick White,1610612759.0,San Antonio,Spurs,SAS,0,0,,,,,,0,0,,,,,,1
0021900514,492,4,0,4,10:22 PM,9:44,,,Paul REBOUND (Off:0 Def:8),,,5,101108,Chris Paul,1610612760.0,Oklahoma City,Thunder,OKC,0,0,,,,,,0,0,,,,,,1
0021900514,493,1,79,4,10:22 PM,9:33,,,Paul 17' Pullup Jump Shot (10 PTS),81 - 80,-1,5,101108,Chris Paul,1610612760.0,Oklahoma City,Thunder,OKC,0,0,,,,,,0,0,,,,,,1
0021900514,494,2,79,4,10:23 PM,9:06,MISS DeRozan 15' Pullup Jump Shot,,,,,4,201942,DeMar DeRozan,1610612759.0,San Antonio,Spurs,SAS,0,0,,,,,,0,0,,,,,,1
0021900514,495,4,0,4,10:23 PM,9:03,Mills REBOUND (Off:1 Def:2),,,,,4,201988,Patty Mills,1610612759.0,San Antonio,Spurs,SAS,0,0,,,,,,0,0,,,,,,1
0021900514,496,2,78,4,10:23 PM,9:00,MISS DeRozan 10' Floating Jump Shot,,,,,4,201942,DeMar DeRozan,1610612759.0,San Antonio,Spurs,SAS,0,0,,,,,,0,0,,,,,,1
0021900514,497,4,0,4,10:23 PM,8:56,,,Adams REBOUND (Off:3 Def:5),,,5,203500,Steven Adams,1610612760.0,Oklahoma City,Thunder,OKC,0,0,,,,,,0,0,,,,,,1
0021900514,498,2,63,4,10:23 PM,8:45,,,MISS Paul 13' Fadeaway Jumper,,,5,101108,Chris Paul,1610612760.0,Oklahoma City,Thunder,OKC,0,0,,,,,,0,0,,,,,,1
0021900514,499,4,0,4,10:23 PM,8:37,,,Adams REBOUND (Off:4 Def:5),,,5,203500,Steven Adams,1610612760.0,Oklahoma City,Thunder,OKC,0,0,,,,,,0,0,,,,,,1
0021900514,500,1,72,4,10:23 PM,8:37,,,Adams 1' Putback Layup (14 PTS),83 - 80,-3,5,203500,Steven Adams,1610612760.0,Oklahoma City,Thunder,OKC,0,0,,,,,,0,0,,,,,,1
0021900514,501,1,1,4,10:23 PM,8:32,Walker IV  3PT Jump Shot (14 PTS) (Mills 1 AST),,,83 - 83,TIE,4,1629022,Lonnie Walker IV,1610612759.0,San Antonio,Spurs,SAS,4,201988,Patty Mills,1610612759.0,San Antonio,Spurs,SAS,0,0,,,,,,1
0021900514,503,9,1,4,10:24 PM,8:29,,,Thunder Timeout: Regular (Reg.5 Short 0),,,3,1610612760,,,,,,0,0,,,,,,0,0,,,,,,0
0021900514,505,8,0,4,10:26 PM,8:29,SUB: Murray FOR White,,,,,4,1628401,Derrick White,1610612759.0,San Antonio,Spurs,SAS,4,1627749,Dejounte Murray,1610612759.0,San Antonio,Spurs,SAS,0,0,,,,,,0
0021900514,506,8,0,4,10:26 PM,8:29,SUB: Forbes FOR Mills,,,,,4,201988,Patty Mills,1610612759.0,San Antonio,Spurs,SAS,4,1627854,Bryn Forbes,1610612759.0,San Antonio,Spurs,SAS,0,0,,,,,,0
0021900514,507,8,0,4,10:26 PM,8:29,,,SUB: Gilgeous-Alexander FOR Paul,,,5,101108,Chris Paul,1610612760.0,Oklahoma City,Thunder,OKC,5,1628983,Shai Gilgeous-Alexander,1610612760.0,Oklahoma City,Thunder,OKC,0,0,,,,,,0
0021900514,508,8,0,4,10:26 PM,8:29,,,SUB: Noel FOR Adams,,,5,203500,Steven Adams,1610612760.0,Oklahoma City,Thunder,OKC,5,203457,Nerlens Noel,1610612760.0,Oklahoma City,Thunder,OKC,0,0,,,,,,0
0021900514,513,1,75,4,10:27 PM,8:19,,,Schroder 2' Driving Finger Roll Layup (14 PTS) (Gilgeous-Alexander 4 AST),85 - 83,-2,5,203471,Dennis Schroder,1610612760.0,Oklahoma City,Thunder,OKC,5,1628983,Shai Gilgeous-Alexander,1610612760.0,Oklahoma City,Thunder,OKC,0,0,,,,,,1
0021900514,514,2,75,4,10:27 PM,8:09,MISS Walker IV 2' Driving Finger Roll Layup,,,,,4,1629022,Lonnie Walker IV,1610612759.0,San Antonio,Spurs,SAS,0,0,,,,,,0,0,,,,,,1
0021900514,515,4,0,4,10:27 PM,8:09,,,Noel REBOUND (Off:1 Def:3),,,5,203457,Nerlens Noel,1610612760.0,Oklahoma City,Thunder,OKC,0,0,,,,,,0,0,,,,,,1
0021900514,516,1,41,4,10:27 PM,8:04,,,Diallo 2' Running Layup (3 PTS) (Schroder 2 AST),87 - 83,-4,5,1628977,Hamidou Diallo,1610612760.0,Oklahoma City,Thunder,OKC,5,203471,Dennis Schroder,1610612760.0,Oklahoma City,Thunder,OKC,0,0,,,,,,1
0021900514,518,1,79,4,10:27 PM,7:50,Walker IV 19' Pullup Jump Shot (16 PTS) (Poeltl 2 AST),,,87 - 85,-2,4,1629022,Lonnie Walker IV,1610612759.0,San Antonio,Spurs,SAS,4,1627751,Jakob Poeltl,1610612759.0,San Antonio,Spurs,SAS,0,0,,,,,,1
0021900514,520,1,1,4,10:27 PM,7:31,,,Schroder 26' 3PT Jump Shot (17 PTS) (Gilgeous-Alexander 5 AST),90 - 85,-5,5,203471,Dennis Schroder,1610612760.0,Oklahoma City,Thunder,OKC,5,1628983,Shai Gilgeous-Alexander,1610612760.0,Oklahoma City,Thunder,OKC,0,0,,,,,,1
0021900514,522,6,1,4,10:28 PM,7:14,,,Noel P.FOUL (P1.T2) (B.Barnaky),,,5,203457,Nerlens Noel,1610612760.0,Oklahoma City,Thunder,OKC,4,201942,DeMar DeRozan,1610612759.0,San Antonio,Spurs,SAS,1,0,,,,,,1
0021900514,524,6,1,4,10:28 PM,7:11,,,Gilgeous-Alexander P.FOUL (P1.T3) (B.Barnaky),,,5,1628983,Shai Gilgeous-Alexander,1610612760.0,Oklahoma City,Thunder,OKC,4,201942,DeMar DeRozan,1610612759.0,San Antonio,Spurs,SAS,1,0,,,,,,1
0021900514,527,2,79,4,10:29 PM,7:02,MISS Forbes 15' Pullup Jump Shot,,,,,4,1627854,Bryn Forbes,1610612759.0,San Antonio,Spurs,SAS,0,0,,,,,,0,0,,,,,,1
0021900514,528,4,0,4,10:29 PM,7:00,,,Diallo REBOUND (Off:0 Def:2),,,5,1628977,Hamidou Diallo,1610612760.0,Oklahoma City,Thunder,OKC,0,0,,,,,,0,0,,,,,,1
0021900514,529,2,79,4,10:29 PM,6:46,,,MISS Diallo 10' Pullup Jump Shot,,,5,1628977,Hamidou Diallo,1610612760.0,Oklahoma City,Thunder,OKC,0,0,,,,,,0,0,,,,,,1
0021900514,530,4,0,4,10:29 PM,6:44,,,Noel REBOUND (Off:2 Def:3),,,5,203457,Nerlens Noel,1610612760.0,Oklahoma City,Thunder,OKC,0,0,,,,,,0,0,,,,,,1
0021900514,531,2,72,4,10:29 PM,6:43,Poeltl BLOCK (2 BLK),,MISS Noel 2' Putback Layup,,,5,203457,Nerlens Noel,1610612760.0,Oklahoma City,Thunder,OKC,0,0,,,,,,4,1627751,Jakob Poeltl,1610612759.0,San Antonio,Spurs,SAS,1
0021900514,533,4,0,4,10:29 PM,6:39,,,Noel REBOUND (Off:3 Def:3),,,5,203457,Nerlens Noel,1610612760.0,Oklahoma City,Thunder,OKC,0,0,,,,,,0,0,,,,,,1
0021900514,534,1,5,4,10:29 PM,6:36,,,Diallo 3' Layup (5 PTS) (Noel 1 AST),92 - 85,-7,5,1628977,Hamidou Diallo,1610612760.0,Oklahoma City,Thunder,OKC,5,203457,Nerlens Noel,1610612760.0,Oklahoma City,Thunder,OKC,0,0,,,,,,1
0021900514,535,2,80,4,10:29 PM,6:11,MISS DeRozan  3PT Step Back Jump Shot,,,,,4,201942,DeMar DeRozan,1610612759.0,San Antonio,Spurs,SAS,0,0,,,,,,0,0,,,,,,1
0021900514,536,4,0,4,10:29 PM,6:11,,,Diallo REBOUND (Off:0 Def:3),,,5,1628977,Hamidou Diallo,1610612760.0,Oklahoma City,Thunder,OKC,0,0,,,,,,0,0,,,,,,1
0021900514,537,2,79,4,10:30 PM,5:58,,,MISS Schroder 16' Pullup Jump Shot,,,5,203471,Dennis Schroder,1610612760.0,Oklahoma City,Thunder,OKC,0,0,,,,,,0,0,,,,,,1
0021900514,538,4,0,4,10:30 PM,5:56,Forbes REBOUND (Off:0 Def:4),,,,,4,1627854,Bryn Forbes,1610612759.0,San Antonio,Spurs,SAS,0,0,,,,,,0,0,,,,,,1
0021900514,539,1,98,4,10:30 PM,5:47,Murray 2' Cutting Layup Shot (7 PTS) (Poeltl 3 AST),,,92 - 87,-5,4,1627749,Dejounte Murray,1610612759.0,San Antonio,Spurs,SAS,4,1627751,Jakob Poeltl,1610612759.0,San Antonio,Spurs,SAS,0,0,,,,,,1
0021900514,541,6,1,4,10:30 PM,5:34,Forbes P.FOUL (P4.T2) (J.Sterling),,,,,4,1627854,Bryn Forbes,1610612759.0,San Antonio,Spurs,SAS,5,1628983,Shai Gilgeous-Alexander,1610612760.0,Oklahoma City,Thunder,OKC,1,0,,,,,,1
0021900514,543,8,0,4,10:30 PM,5:34,SUB: Aldridge FOR Walker IV,,,,,4,1629022,Lonnie Walker IV,1610612759.0,San Antonio,Spurs,SAS,4,200746,LaMarcus Aldridge,1610612759.0,San Antonio,Spurs,SAS,0,0,,,,,,0
0021900514,544,8,0,4,10:30 PM,5:34,SUB: White FOR Poeltl,,,,,4,1627751,Jakob Poeltl,1610612759.0,San Antonio,Spurs,SAS,4,1628401,Derrick White,1610612759.0,San Antonio,Spurs,SAS,0,0,,,,,,0
0021900514,545,8,0,4,10:30 PM,5:34,,,SUB: Gallinari FOR Diallo,,,5,1628977,Hamidou Diallo,1610612760.0,Oklahoma City,Thunder,OKC,5,201568,Danilo Gallinari,1610612760.0,Oklahoma City,Thunder,OKC,0,0,,,,,,0
0021900514,546,8,0,4,10:30 PM,5:34,,,SUB: Adams FOR Schroder,,,5,203471,Dennis Schroder,1610612760.0,Oklahoma City,Thunder,OKC,5,203500,Steven Adams,1610612760.0,Oklahoma City,Thunder,OKC,0,0,,,,,,0
0021900514,547,8,0,4,10:30 PM,5:34,,,SUB: Paul FOR Noel,,,5,203457,Nerlens Noel,1610612760.0,Oklahoma City,Thunder,OKC,5,101108,Chris Paul,1610612760.0,Oklahoma City,Thunder,OKC,0,0,,,,,,0
0021900514,553,1,78,4,10:31 PM,5:24,,,Gilgeous-Alexander 16' Floating Jump Shot (21 PTS),94 - 87,-7,5,1628983,Shai Gilgeous-Alexander,1610612760.0,Oklahoma City,Thunder,OKC,0,0,,,,,,0,0,,,,,,1
0021900514,554,1,79,4,10:31 PM,5:11,Murray 18' Pullup Jump Shot (9 PTS) (DeRozan 2 AST),,,94 - 89,-5,4,1627749,Dejounte Murray,1610612759.0,San Antonio,Spurs,SAS,4,201942,DeMar DeRozan,1610612759.0,San Antonio,Spurs,SAS,0,0,,,,,,1
0021900514,556,2,5,4,10:31 PM,4:53,Aldridge BLOCK (3 BLK),,MISS Gallinari 2' Layup,,,5,201568,Danilo Gallinari,1610612760.0,Oklahoma City,Thunder,OKC,0,0,,,,,,4,200746,LaMarcus Aldridge,1610612759.0,San Antonio,Spurs,SAS,1
0021900514,562,4,0,4,10:32 PM,4:49,SPURS Rebound,,,,,2,1610612759,,,,,,0,0,,,,,,0,0,,,,,,0
0021900514,559,10,0,4,10:32 PM,4:49,Jump Ball Aldridge vs. Gallinari: Tip to Murray,,,,,4,200746,LaMarcus Aldridge,1610612759.0,San Antonio,Spurs,SAS,5,201568,Danilo Gallinari,1610612760.0,Oklahoma City,Thunder,OKC,4,1627749,Dejounte Murray,1610612759.0,San Antonio,Spurs,SAS,1
0021900514,563,1,75,4,10:32 PM,4:43,DeRozan 2' Driving Finger Roll Layup (24 PTS),,,94 - 91,-3,4,201942,DeMar DeRozan,1610612759.0,San Antonio,Spurs,SAS,0,0,,,,,,0,0,,,,,,1
0021900514,564,1,1,4,10:32 PM,4:25,,,Gallinari 24' 3PT Jump Shot (13 PTS) (Adams 2 AST),97 - 91,-6,5,201568,Danilo Gallinari,1610612760.0,Oklahoma City,Thunder,OKC,5,203500,Steven Adams,1610612760.0,Oklahoma City,Thunder,OKC,0,0,,,,,,1
0021900514,566,1,108,4,10:33 PM,4:11,DeRozan 1' Cutting Dunk Shot (26 PTS) (White 4 AST),,,97 - 93,-4,4,201942,DeMar DeRozan,1610612759.0,San Antonio,Spurs,SAS,4,1628401,Derrick White,1610612759.0,San Antonio,Spurs,SAS,0,0,,,,,,1
0021900514,568,2,1,4,10:33 PM,3:46,,,MISS Gallinari 26' 3PT Jump Shot,,,5,201568,Danilo Gallinari,1610612760.0,Oklahoma City,Thunder,OKC,0,0,,,,,,0,0,,,,,,1
0021900514,569,4,0,4,10:33 PM,3:42,Aldridge REBOUND (Off:4 Def:8),,,,,4,200746,LaMarcus Aldridge,1610612759.0,San Antonio,Spurs,SAS,0,0,,,,,,0,0,,,,,,1
0021900514,570,2,75,4,10:33 PM,3:34,MISS Murray 2' Driving Finger Roll Layup,,,,,4,1627749,Dejounte Murray,1610612759.0,San Antonio,Spurs,SAS,0,0,,,,,,0,0,,,,,,1
0021900514,571,4,0,4,10:33 PM,3:33,,,Gilgeous-Alexander REBOUND (Off:0 Def:7),,,5,1628983,Shai Gilgeous-Alexander,1610612760.0,Oklahoma City,Thunder,OKC,0,0,,,,,,0,0,,,,,,1
0021900514,572,1,80,4,10:34 PM,3:23,,,Paul 15' Step Back Jump Shot (12 PTS),99 - 93,-6,5,101108,Chris Paul,1610612760.0,Oklahoma City,Thunder,OKC,0,0,,,,,,0,0,,,,,,1
0021900514,573,9,1,4,10:34 PM,3:23,SPURS Timeout: Regular (Full 4 Short 0),,,,,2,1610612759,,,,,,0,0,,,,,,0,0,,,,,,0
0021900514,576,8,0,4,10:36 PM,3:23,SUB: Gay FOR Murray,,,,,4,1627749,Dejounte Murray,1610612759.0,San Antonio,Spurs,SAS,4,200752,Rudy Gay,1610612759.0,San Antonio,Spurs,SAS,0,0,,,,,,0
0021900514,577,8,0,4,10:36 PM,3:23,,,SUB: Schroder FOR Ferguson,,,5,1628390,Terrance Ferguson,1610612760.0,Oklahoma City,Thunder,OKC,5,203471,Dennis Schroder,1610612760.0,Oklahoma City,Thunder,OKC,0,0,,,,,,0
0021900514,580,5,1,4,10:37 PM,3:12,Aldridge Bad Pass Turnover (P1.T8),,Paul STEAL (2 STL),,,4,200746,LaMarcus Aldridge,1610612759.0,San Antonio,Spurs,SAS,5,101108,Chris Paul,1610612760.0,Oklahoma City,Thunder,OKC,0,0,,,,,,1
0021900514,582,6,1,4,10:37 PM,3:11,DeRozan P.FOUL (P2.T3) (J.Sterling),,,,,4,201942,DeMar DeRozan,1610612759.0,San Antonio,Spurs,SAS,5,101108,Chris Paul,1610612760.0,Oklahoma City,Thunder,OKC,1,0,,,,,,1
0021900514,586,1,101,4,10:37 PM,2:48,,,Gilgeous-Alexander 11' Driving Floating Jump Shot (23 PTS) (Adams 3 AST),101 - 93,-8,5,1628983,Shai Gilgeous-Alexander,1610612760.0,Oklahoma City,Thunder,OKC,5,203500,Steven Adams,1610612760.0,Oklahoma City,Thunder,OKC,0,0,,,,,,1
0021900514,588,2,1,4,10:38 PM,2:24,MISS Forbes 28' 3PT Jump Shot,,,,,4,1627854,Bryn Forbes,1610612759.0,San Antonio,Spurs,SAS,0,0,,,,,,0,0,,,,,,1
0021900514,589,4,0,4,10:38 PM,2:21,,,Thunder Rebound,,,3,1610612760,,,,,,0,0,,,,,,0,0,,,,,,0
0021900514,591,1,79,4,10:38 PM,2:09,,,Paul 15' Pullup Jump Shot (14 PTS),103 - 93,-10,5,101108,Chris Paul,1610612760.0,Oklahoma City,Thunder,OKC,0,0,,,,,,0,0,,,,,,1
0021900514,592,1,1,4,10:38 PM,1:53,Gay  3PT Jump Shot (9 PTS) (DeRozan 3 AST),,,103 - 96,-7,4,200752,Rudy Gay,1610612759.0,San Antonio,Spurs,SAS,4,201942,DeMar DeRozan,1610612759.0,San Antonio,Spurs,SAS,0,0,,,,,,1
0021900514,594,2,79,4,10:39 PM,1:38,,,MISS Paul 11' Pullup Jump Shot,,,5,101108,Chris Paul,1610612760.0,Oklahoma City,Thunder,OKC,0,0,,,,,,0,0,,,,,,1
0021900514,595,4,0,4,10:39 PM,1:37,SPURS Rebound,,,,,2,1610612759,,,,,,0,0,,,,,,0,0,,,,,,0
0021900514,597,6,3,4,10:39 PM,1:37,,,Adams L.B.FOUL (P4.T4) (K.Scott),,,5,203500,Steven Adams,1610612760.0,Oklahoma City,Thunder,OKC,4,1628401,Derrick White,1610612759.0,San Antonio,Spurs,SAS,1,0,,,,,,1
0021900514,599,5,1,4,10:39 PM,1:25,White Bad Pass Turnover (P2.T9),,Schroder STEAL (1 STL),,,4,1628401,Derrick White,1610612759.0,San Antonio,Spurs,SAS,5,203471,Dennis Schroder,1610612760.0,Oklahoma City,Thunder,OKC,0,0,,,,,,1
0021900514,601,1,75,4,10:39 PM,1:21,,,Gilgeous-Alexander 2' Driving Finger Roll Layup (25 PTS) (Schroder 3 AST),105 - 96,-9,5,1628983,Shai Gilgeous-Alexander,1610612760.0,Oklahoma City,Thunder,OKC,5,203471,Dennis Schroder,1610612760.0,Oklahoma City,Thunder,OKC,0,0,,,,,,1
0021900514,603,9,1,4,10:40 PM,1:21,SPURS Timeout: Regular (Full 5 Short 0),,,,,2,1610612759,,,,,,0,0,,,,,,0,0,,,,,,0
0021900514,605,1,1,4,10:41 PM,1:11,Aldridge 26' 3PT Jump Shot (22 PTS) (White 5 AST),,,105 - 99,-6,4,200746,LaMarcus Aldridge,1610612759.0,San Antonio,Spurs,SAS,4,1628401,Derrick White,1610612759.0,San Antonio,Spurs,SAS,0,0,,,,,,1
0021900514,607,1,80,4,10:42 PM,0:49,,,Paul 18' Step Back Jump Shot (16 PTS),107 - 99,-8,5,101108,Chris Paul,1610612760.0,Oklahoma City,Thunder,OKC,0,0,,,,,,0,0,,,,,,1
0021900514,608,1,5,4,10:42 PM,0:43,DeRozan 2' Layup (28 PTS),,,107 - 101,-6,4,201942,DeMar DeRozan,1610612759.0,San Antonio,Spurs,SAS,0,0,,,,,,0,0,,,,,,1
0021900514,609,5,2,4,10:42 PM,0:30,White STEAL (1 STL),,Paul Lost Ball Turnover (P1.T4),,,5,101108,Chris Paul,1610612760.0,Oklahoma City,Thunder,OKC,4,1628401,Derrick White,1610612759.0,San Antonio,Spurs,SAS,0,0,,,,,,1
0021900514,611,1,6,4,10:42 PM,0:19,DeRozan 1' Driving Layup (30 PTS),,,107 - 103,-4,4,201942,DeMar DeRozan,1610612759.0,San Antonio,Spurs,SAS,0,0,,,,,,0,0,,,,,,1
0021900514,612,6,1,4,10:42 PM,0:17,White P.FOUL (P4.T4) (J.Sterling),,,,,4,1628401,Derrick White,1610612759.0,San Antonio,Spurs,SAS,5,101108,Chris Paul,1610612760.0,Oklahoma City,Thunder,OKC,1,0,,,,,,1
0021900514,614,6,28,4,10:43 PM,0:16,Forbes Personal Take Foul (P5.PN) (J.Sterling),,,,,4,1627854,Bryn Forbes,1610612759.0,San Antonio,Spurs,SAS,5,203471,Dennis Schroder,1610612760.0,Oklahoma City,Thunder,OKC,1,0,,,,,,1
0021900514,616,3,11,4,10:43 PM,0:16,,,Schroder Free Throw 1 of 2 (18 PTS),108 - 103,-5,5,203471,Dennis Schroder,1610612760.0,Oklahoma City,Thunder,OKC,0,0,,,,,,0,0,,,,,,1
0021900514,617,3,12,4,10:44 PM,0:16,,,Schroder Free Throw 2 of 2 (19 PTS),109 - 103,-6,5,203471,Dennis Schroder,1610612760.0,Oklahoma City,Thunder,OKC,0,0,,,,,,0,0,,,,,,1
0021900514,618,2,1,4,10:44 PM,0:11,MISS Forbes 24' 3PT Jump Shot,,,,,4,1627854,Bryn Forbes,1610612759.0,San Antonio,Spurs,SAS,0,0,,,,,,0,0,,,,,,1
0021900514,619,4,0,4,10:44 PM,0:06,,,Gallinari REBOUND (Off:0 Def:5),,,5,201568,Danilo Gallinari,1610612760.0,Oklahoma City,Thunder,OKC,0,0,,,,,,0,0,,,,,,1
0021900514,620,13,0,4,10:44 PM,0:00,,,,109 - 103,-6,0,0,,,,,,0,0,,,,,,0,0,,,,,,1
