eventorder,eventnum,eventmsgtype,eventmsgactiontype,period,pctimestring,time.elapsed,is.end.of.possession,possession.end,possession.id,homedescription,visitordescription,score,scoremargin,player.1.id,neutraldescription,is.made.shot,is.missed.shot,is.free.throw,is.rebound,is.turnover,is.foul,is.violation,is.substitution,is.timeout,is.jump.ball,is.ejection,is.start.of.period,is.end.of.period,is.miss,is.shooting.foul,is.away.from.play.foul,is.inbound.foul,is.loose.ball.foul,is.team.rebound,is.defensive.rebound,is.missed.free.throw,is.1.of.1,is.2.of.2,is.3.of.3,is.technical,is.last.multi.free.throw,is.last.free.throw,is.last.free.throw.made,is.and.1,is.make.and.not.and.1,is.three,is.team.turnover
1,2,12,0,1,12:00:00,0,"",,1,"","",,,0,"","","","","","","","","","","","",TRUE,"","","","","","","","","","","","","","","","","","","",""
2,4,10,0,1,12:00:00,0,"",,1,Jump Ball Drummond vs. Biyombo: Tip to Brown,"",,,203083,"","","","","","","","","","",TRUE,"","","","","","","","","","","","","","","","","","","","","",""
3,7,2,73,1,11:36:00,24,"",,1,MISS Drummond 3' Driving Reverse Layup,"",,,203083,"","",TRUE,"","","","","","","","","","","",TRUE,"","","","","","","","","","","","","","","","","",""
4,8,4,0,1,11:34:00,26,TRUE,missed.shot,1,"",Biyombo REBOUND (Off:0 Def:1),,,202687,"","","","",TRUE,"","","","","","","","","","","","","","","",TRUE,"","","","","","","","","","","",""
5,9,1,1,1,11:23:00,37,TRUE,made.shot,2,"",Rozier 25' 3PT Jump Shot (3 PTS) (Bridges 1 AST),3 - 0,-3,1626179,"",TRUE,"","","","","","","","","","","","","","","","","","","","","","","","","","","","",TRUE,TRUE,""
6,11,2,80,1,11:05:00,55,"",,3,MISS Griffin 26' 3PT Step Back Jump Shot,"",,,201933,"","",TRUE,"","","","","","","","","","","",TRUE,"","","","","","","","","","","","","","","","",TRUE,""
7,12,4,0,1,11:01:00,59,TRUE,missed.shot,3,"",Rozier REBOUND (Off:0 Def:1),,,1626179,"","","","",TRUE,"","","","","","","","","","","","","","","",TRUE,"","","","","","","","","","","",""
8,13,1,5,1,10:48:00,72,TRUE,made.shot,4,"",Biyombo 2' Layup (2 PTS) (Washington 1 AST),5 - 0,-5,202687,"",TRUE,"","","","","","","","","","","","","","","","","","","","","","","","","","","","",TRUE,"",""
9,15,2,1,1,10:27:00,93,"",,5,MISS Griffin 26' 3PT Jump Shot,"",,,201933,"","",TRUE,"","","","","","","","","","","",TRUE,"","","","","","","","","","","","","","","","",TRUE,""
10,16,4,0,1,10:24:00,96,TRUE,missed.shot,5,"",Biyombo REBOUND (Off:0 Def:2),,,202687,"","","","",TRUE,"","","","","","","","","","","","","","","",TRUE,"","","","","","","","","","","",""
11,17,2,78,1,10:16:00,104,"",,6,"",MISS Biyombo 7' Floating Jump Shot,,,202687,"","",TRUE,"","","","","","","","","","","",TRUE,"","","","","","","","","","","","","","","","","",""
12,18,4,0,1,10:13:00,107,TRUE,missed.shot,6,Galloway REBOUND (Off:0 Def:1),"",,,204038,"","","","",TRUE,"","","","","","","","","","","","","","","",TRUE,"","","","","","","","","","","",""
13,19,1,3,1,10:04:00,116,TRUE,made.shot,7,Griffin 6' Hook Shot (2 PTS),"",5 - 2,-3,201933,"",TRUE,"","","","","","","","","","","","","","","","","","","","","","","","","","","","",TRUE,"",""
14,21,2,1,1,09:41:00,139,"",,8,"",MISS Bridges 26' 3PT Jump Shot,,,1628970,"","",TRUE,"","","","","","","","","","","",TRUE,"","","","","","","","","","","","","","","","",TRUE,""
15,22,4,0,1,09:39:00,141,TRUE,missed.shot,8,Drummond REBOUND (Off:0 Def:1),"",,,203083,"","","","",TRUE,"","","","","","","","","","","","","","","",TRUE,"","","","","","","","","","","",""
16,23,1,43,1,09:30:00,150,TRUE,made.shot,9,Drummond 1' Alley Oop Layup (2 PTS) (Brown 1 AST),"",5 - 4,-1,203083,"",TRUE,"","","","","","","","","","","","","","","","","","","","","","","","","","","","",TRUE,"",""
17,25,1,1,1,09:09:00,171,TRUE,made.shot,10,"",Rozier 26' 3PT Jump Shot (6 PTS) (Graham 1 AST),8 - 4,-4,1626179,"",TRUE,"","","","","","","","","","","","","","","","","","","","","","","","","","","","",TRUE,TRUE,""
18,27,1,1,1,08:47:00,193,TRUE,made.shot,11,Kennard 28' 3PT Jump Shot (3 PTS) (Griffin 1 AST),"",8 - 7,-1,1628379,"",TRUE,"","","","","","","","","","","","","","","","","","","","","","","","","","","","",TRUE,TRUE,""
19,29,1,75,1,08:26:00,214,TRUE,made.shot,12,"",Bridges 8' Driving Finger Roll Layup (2 PTS),10 - 7,-3,1628970,"",TRUE,"","","","","","","","","","","","","","","","","","","","","","","","","","","","",TRUE,"",""
20,30,5,1,1,08:17:00,223,TRUE,turnover,13,Drummond Bad Pass Turnover (P1.T1),Washington STEAL (1 STL),,,203083,"","","","","",TRUE,"","","","","","","","","","","","","","","","","","","","","","","","","","",""
21,32,2,41,1,08:12:00,228,"",,14,Griffin BLOCK (1 BLK),MISS Graham 3' Running Layup,,,1628984,"","",TRUE,"","","","","","","","","","","",TRUE,"","","","","","","","","","","","","","","","","",""
22,34,4,0,1,08:10:00,230,"",,14,"",Bridges REBOUND (Off:1 Def:0),,,1628970,"","","","",TRUE,"","","","","","","","","","","","","","","","","","","","","","","","","","","",""
23,35,1,72,1,08:08:00,232,TRUE,made.shot,14,"",Bridges 1' Putback Layup (4 PTS),12 - 7,-5,1628970,"",TRUE,"","","","","","","","","","","","","","","","","","","","","","","","","","","","",TRUE,"",""
24,36,1,79,1,08:03:00,237,TRUE,made.shot,15,Kennard 26' 3PT Pullup Jump Shot (6 PTS),"",12 - 10,-2,1628379,"",TRUE,"","","","","","","","","","","","","","","","","","","","","","","","","","","","",TRUE,TRUE,""
25,37,2,1,1,07:38:00,262,"",,16,"",MISS Biyombo 17' Jump Shot,,,202687,"","",TRUE,"","","","","","","","","","","",TRUE,"","","","","","","","","","","","","","","","","",""
26,38,4,0,1,07:36:00,264,TRUE,missed.shot,16,Brown REBOUND (Off:0 Def:1),"",,,1628971,"","","","",TRUE,"","","","","","","","","","","","","","","",TRUE,"","","","","","","","","","","",""
27,39,2,79,1,07:26:00,274,"",,17,MISS Kennard 13' Pullup Jump Shot,Biyombo BLOCK (1 BLK),,,1628379,"","",TRUE,"","","","","","","","","","","",TRUE,"","","","","","","","","","","","","","","","","",""
28,41,4,0,1,07:23:00,277,"",,17,Drummond REBOUND (Off:1 Def:1),"",,,203083,"","","","",TRUE,"","","","","","","","","","","","","","","","","","","","","","","","","","","",""
29,42,1,72,1,07:22:00,278,TRUE,made.shot,17,Drummond 1' Putback Layup (4 PTS),"",12 - 12,TIE,203083,"",TRUE,"","","","","","","","","","","","","","","","","","","","","","","","","","","","",TRUE,"",""
30,43,6,2,1,07:14:00,286,"",,18,Kennard S.FOUL (P1.T1) (B.Nansel),"",,,1628379,"","","","","","",TRUE,"","","","","","","","",TRUE,"","","","","","","","","","","","","","","","",""
31,45,3,11,1,07:14:00,286,"",,18,"",Washington Free Throw 1 of 2 (1 PTS),13 - 12,-1,1629023,"","","",TRUE,"","","","","","","","","","","","","","","","","","","","","","","","","","","","",""
32,46,3,12,1,07:14:00,286,TRUE,last.ft.made,18,"",Washington Free Throw 2 of 2 (2 PTS),14 - 12,-2,1629023,"","","",TRUE,"","","","","","","","","","","","","","","","","","","",TRUE,"","",TRUE,TRUE,TRUE,"","","",""
33,47,2,1,1,06:59:00,301,"",,19,MISS Galloway 26' 3PT Jump Shot,"",,,204038,"","",TRUE,"","","","","","","","","","","",TRUE,"","","","","","","","","","","","","","","","",TRUE,""
34,48,4,0,1,06:57:00,303,"",,19,Drummond REBOUND (Off:2 Def:1),"",,,203083,"","","","",TRUE,"","","","","","","","","","","","","","","","","","","","","","","","","","","",""
35,49,2,72,1,06:56:00,304,"",,19,MISS Drummond 2' Putback Layup,"",,,203083,"","",TRUE,"","","","","","","","","","","",TRUE,"","","","","","","","","","","","","","","","","",""
36,50,4,0,1,06:54:00,306,"",,19,Drummond REBOUND (Off:3 Def:1),"",,,203083,"","","","",TRUE,"","","","","","","","","","","","","","","","","","","","","","","","","","","",""
37,51,1,72,1,06:53:00,307,TRUE,made.shot,19,Drummond 1' Putback Layup (6 PTS),"",14 - 14,TIE,203083,"",TRUE,"","","","","","","","","","","","","","","","","","","","","","","","","","","","",TRUE,"",""
38,52,2,58,1,06:42:00,318,"",,20,"",MISS Bridges 6' Turnaround Hook Shot,,,1628970,"","",TRUE,"","","","","","","","","","","",TRUE,"","","","","","","","","","","","","","","","","",""
39,53,4,0,1,06:39:00,321,"",,20,"",Bridges REBOUND (Off:2 Def:0),,,1628970,"","","","",TRUE,"","","","","","","","","","","","","","","","","","","","","","","","","","","",""
40,54,1,1,1,06:38:00,322,TRUE,made.shot,20,"",Washington  3PT Jump Shot (5 PTS) (Bridges 2 AST),17 - 14,-3,1629023,"",TRUE,"","","","","","","","","","","","","","","","","","","","","","","","","","","","",TRUE,TRUE,""
41,56,2,1,1,06:17:00,343,"",,21,MISS Griffin  3PT Jump Shot,"",,,201933,"","",TRUE,"","","","","","","","","","","",TRUE,"","","","","","","","","","","","","","","","",TRUE,""
42,57,4,0,1,06:14:00,346,TRUE,missed.shot,21,"",Bridges REBOUND (Off:2 Def:1),,,1628970,"","","","",TRUE,"","","","","","","","","","","","","","","",TRUE,"","","","","","","","","","","",""
43,58,1,78,1,06:08:00,352,TRUE,made.shot,22,"",Rozier 8' Floating Jump Shot (8 PTS),19 - 14,-5,1626179,"",TRUE,"","","","","","","","","","","","","","","","","","","","","","","","","","","","",TRUE,"",""
44,59,1,79,1,05:59:00,361,TRUE,made.shot,23,Kennard  3PT Pullup Jump Shot (9 PTS) (Griffin 2 AST),"",19 - 17,-2,1628379,"",TRUE,"","","","","","","","","","","","","","","","","","","","","","","","","","","","",TRUE,TRUE,""
45,61,1,1,1,05:36:00,384,TRUE,made.shot,24,"",Bridges 25' 3PT Jump Shot (7 PTS) (Rozier 1 AST),22 - 17,-5,1628970,"",TRUE,"","","","","","","","","","","","","","","","","","","","","","","","","","","","",TRUE,TRUE,""
46,63,9,1,1,05:28:00,392,"",,25,PISTONS Timeout: Regular (Full 1 Short 0),"",,,1610612765,"","","","","","","","","",TRUE,"","","","","","","","","","","","","","","","","","","","","","",""
47,64,8,0,1,05:28:00,392,"",,25,SUB: Rose FOR Brown,"",,,1628971,"","","","","","","","",TRUE,"","","","","","","","","","","","","","","","","","","","","","","",""
48,65,8,0,1,05:28:00,392,"",,25,SUB: Snell FOR Galloway,"",,,204038,"","","","","","","","",TRUE,"","","","","","","","","","","","","","","","","","","","","","","",""
49,66,8,0,1,05:28:00,392,"",,25,"",SUB: Williams FOR Washington,,,1629023,"","","","","","","","",TRUE,"","","","","","","","","","","","","","","","","","","","","","","",""
50,67,8,0,1,05:28:00,392,"",,25,"",SUB: Batum FOR Graham,,,1628984,"","","","","","","","",TRUE,"","","","","","","","","","","","","","","","","","","","","","","",""
51,72,1,80,1,05:13:00,407,TRUE,made.shot,25,Kennard 25' 3PT Step Back Jump Shot (12 PTS) (Griffin 3 AST),"",22 - 20,-2,1628379,"",TRUE,"","","","","","","","","","","","","","","","","","","","","","","","","","","","",TRUE,TRUE,""
52,74,2,5,1,04:57:00,423,"",,26,Drummond BLOCK (1 BLK),MISS Biyombo 3' Layup,,,202687,"","",TRUE,"","","","","","","","","","","",TRUE,"","","","","","","","","","","","","","","","","",""
53,76,4,0,1,04:54:00,426,"",,26,"",Batum REBOUND (Off:1 Def:0),,,201587,"","","","",TRUE,"","","","","","","","","","","","","","","","","","","","","","","","","","","",""
54,77,2,79,1,04:51:00,429,"",,26,"",MISS Williams  3PT Pullup Jump Shot,,,101107,"","",TRUE,"","","","","","","","","","","",TRUE,"","","","","","","","","","","","","","","","",TRUE,""
55,78,4,0,1,04:50:00,430,TRUE,missed.shot,26,Drummond REBOUND (Off:3 Def:2),"",,,203083,"","","","",TRUE,"","","","","","","","","","","","","","","",TRUE,"","","","","","","","","","","",""
56,81,6,2,1,04:48:00,432,"",,27,"",Rozier S.FOUL (P1.T1) (G.Petraitis),,,1626179,"","","","","","",TRUE,"","","","","","","","",TRUE,"","","","","","","","","","","","","","","","",""
57,83,3,11,1,04:48:00,432,"",,27,MISS Rose Free Throw 1 of 2,"",,,201565,"","","",TRUE,"","","","","","","","","","",TRUE,"","","","","","",TRUE,"","","","","","","","","","",""
58,84,4,1,1,04:48:00,432,"",,27,PISTONS Rebound,"",,,1610612765,"","","","",TRUE,"","","","","","","","","","","","","","",TRUE,"","","","","","","","","","","","",""
59,85,8,0,1,04:48:00,432,"",,27,"",SUB: Monk FOR Bridges,,,1628970,"","","","","","","","",TRUE,"","","","","","","","","","","","","","","","","","","","","","","",""
60,87,3,12,1,04:48:00,432,TRUE,last.ft.made,27,Rose Free Throw 2 of 2 (1 PTS),"",22 - 21,-1,201565,"","","",TRUE,"","","","","","","","","","","","","","","","","","","",TRUE,"","",TRUE,TRUE,TRUE,"","","",""
61,88,1,1,1,04:37:00,443,TRUE,made.shot,28,"",Rozier  3PT Jump Shot (11 PTS) (Williams 1 AST),25 - 21,-4,1626179,"",TRUE,"","","","","","","","","","","","","","","","","","","","","","","","","","","","",TRUE,TRUE,""
62,90,2,1,1,04:27:00,453,"",,29,MISS Kennard 30' 3PT Jump Shot,"",,,1628379,"","",TRUE,"","","","","","","","","","","",TRUE,"","","","","","","","","","","","","","","","",TRUE,""
63,91,4,0,1,04:23:00,457,TRUE,missed.shot,29,"",Batum REBOUND (Off:1 Def:1),,,201587,"","","","",TRUE,"","","","","","","","","","","","","","","",TRUE,"","","","","","","","","","","",""
64,92,1,1,1,04:20:00,460,TRUE,made.shot,30,"",Rozier 24' 3PT Jump Shot (14 PTS) (Batum 1 AST),28 - 21,-7,1626179,"",TRUE,"","","","","","","","","","","","","","","","","","","","","","","","","","","","",TRUE,TRUE,""
65,94,1,1,1,04:03:00,477,TRUE,made.shot,31,Snell  3PT Jump Shot (3 PTS) (Drummond 1 AST),"",28 - 24,-4,203503,"",TRUE,"","","","","","","","","","","","","","","","","","","","","","","","","","","","",TRUE,TRUE,""
66,96,2,101,1,03:36:00,504,"",,32,"",MISS Williams 10' Driving Floating Jump Shot,,,101107,"","",TRUE,"","","","","","","","","","","",TRUE,"","","","","","","","","","","","","","","","","",""
67,97,4,0,1,03:34:00,506,TRUE,missed.shot,32,Drummond REBOUND (Off:3 Def:3),"",,,203083,"","","","",TRUE,"","","","","","","","","","","","","","","",TRUE,"","","","","","","","","","","",""
68,98,6,2,1,03:31:00,509,"",,33,"",Rozier S.FOUL (P2.T2) (G.Petraitis),,,1626179,"","","","","","",TRUE,"","","","","","","","",TRUE,"","","","","","","","","","","","","","","","",""
69,100,3,11,1,03:31:00,509,"",,33,Griffin Free Throw 1 of 2 (3 PTS),"",28 - 25,-3,201933,"","","",TRUE,"","","","","","","","","","","","","","","","","","","","","","","","","","","","",""
70,101,8,0,1,03:31:00,509,"",,33,"",SUB: Graham FOR Rozier,,,1626179,"","","","","","","","",TRUE,"","","","","","","","","","","","","","","","","","","","","","","",""
71,103,9,1,1,03:31:00,509,"",,33,"",Hornets Timeout: Regular (Reg.1 Short 0),,,1610612766,"","","","","","","","","",TRUE,"","","","","","","","","","","","","","","","","","","","","","",""
72,104,8,0,1,03:31:00,509,"",,33,SUB: Mykhailiuk FOR Kennard,"",,,1628379,"","","","","","","","",TRUE,"","","","","","","","","","","","","","","","","","","","","","","",""
73,105,8,0,1,03:31:00,509,"",,33,"",SUB: Washington FOR Biyombo,,,202687,"","","","","","","","",TRUE,"","","","","","","","","","","","","","","","","","","","","","","",""
74,108,3,12,1,03:31:00,509,TRUE,last.ft.made,33,Griffin Free Throw 2 of 2 (4 PTS),"",28 - 26,-2,201933,"","","",TRUE,"","","","","","","","","","","","","","","","","","","",TRUE,"","",TRUE,TRUE,TRUE,"","","",""
75,109,2,98,1,03:18:00,522,"",,34,"",MISS Washington 3' Cutting Layup Shot,,,1629023,"","",TRUE,"","","","","","","","","","","",TRUE,"","","","","","","","","","","","","","","","","",""
76,110,4,0,1,03:15:00,525,"",,34,"",Batum REBOUND (Off:2 Def:1),,,201587,"","","","",TRUE,"","","","","","","","","","","","","","","","","","","","","","","","","","","",""
77,111,2,1,1,03:12:00,528,"",,34,"",MISS Williams  3PT Jump Shot,,,101107,"","",TRUE,"","","","","","","","","","","",TRUE,"","","","","","","","","","","","","","","","",TRUE,""
78,112,4,0,1,03:10:00,530,TRUE,missed.shot,34,Drummond REBOUND (Off:3 Def:4),"",,,203083,"","","","",TRUE,"","","","","","","","","","","","","","","",TRUE,"","","","","","","","","","","",""
79,114,2,1,1,02:53:00,547,"",,35,MISS Mykhailiuk 26' 3PT Jump Shot,"",,,1629004,"","",TRUE,"","","","","","","","","","","",TRUE,"","","","","","","","","","","","","","","","",TRUE,""
80,115,4,0,1,02:52:00,548,TRUE,missed.shot,35,"",Hornets Rebound,,,1610612766,"","","","",TRUE,"","","","","","","","","","","","","","",TRUE,TRUE,"","","","","","","","","","","",""
81,117,8,0,1,02:52:00,548,"",,36,SUB: Morris FOR Griffin,"",,,201933,"","","","","","","","",TRUE,"","","","","","","","","","","","","","","","","","","","","","","",""
82,119,6,2,1,02:38:00,562,"",,36,Mykhailiuk S.FOUL (P1.T2) (M.Davis),"",,,1629004,"","","","","","",TRUE,"","","","","","","","",TRUE,"","","","","","","","","","","","","","","","",""
83,121,3,11,1,02:38:00,562,"",,36,"",Monk Free Throw 1 of 2 (1 PTS),29 - 26,-3,1628370,"","","",TRUE,"","","","","","","","","","","","","","","","","","","","","","","","","","","","",""
84,122,3,12,1,02:38:00,562,TRUE,last.ft.made,36,"",Monk Free Throw 2 of 2 (2 PTS),30 - 26,-4,1628370,"","","",TRUE,"","","","","","","","","","","","","","","","","","","",TRUE,"","",TRUE,TRUE,TRUE,"","","",""
85,123,1,1,1,02:22:00,578,TRUE,made.shot,37,Morris 25' 3PT Jump Shot (3 PTS) (Rose 1 AST),"",30 - 29,-1,202693,"",TRUE,"","","","","","","","","","","","","","","","","","","","","","","","","","","","",TRUE,TRUE,""
86,125,1,1,1,01:58:00,602,TRUE,made.shot,38,"",Williams 25' 3PT Jump Shot (3 PTS) (Monk 1 AST),33 - 29,-4,101107,"",TRUE,"","","","","","","","","","","","","","","","","","","","","","","","","","","","",TRUE,TRUE,""
87,127,2,6,1,01:35:00,625,"",,39,MISS Mykhailiuk 3' Driving Layup,"",,,1629004,"","",TRUE,"","","","","","","","","","","",TRUE,"","","","","","","","","","","","","","","","","",""
88,128,4,0,1,01:32:00,628,"",,39,Drummond REBOUND (Off:4 Def:4),"",,,203083,"","","","",TRUE,"","","","","","","","","","","","","","","","","","","","","","","","","","","",""
89,129,2,97,1,01:32:00,628,"",,39,MISS Drummond 1' Tip Layup Shot,"",,,203083,"","",TRUE,"","","","","","","","","","","",TRUE,"","","","","","","","","","","","","","","","","",""
90,130,4,0,1,01:31:00,629,"",,39,Drummond REBOUND (Off:5 Def:4),"",,,203083,"","","","",TRUE,"","","","","","","","","","","","","","","","","","","","","","","","","","","",""
91,131,2,87,1,01:30:00,630,"",,39,MISS Drummond 3' Putback Dunk,"",,,203083,"","",TRUE,"","","","","","","","","","","",TRUE,"","","","","","","","","","","","","","","","","",""
92,132,4,0,1,01:29:00,631,"",,39,Mykhailiuk REBOUND (Off:1 Def:0),"",,,1629004,"","","","",TRUE,"","","","","","","","","","","","","","","","","","","","","","","","","","","",""
93,133,5,1,1,01:28:00,632,TRUE,turnover,39,Snell Bad Pass Turnover (P1.T2),Washington STEAL (2 STL),,,203503,"","","","","",TRUE,"","","","","","","","","","","","","","","","","","","","","","","","","","",""
94,135,2,1,1,01:24:00,636,"",,40,"",MISS Monk 24' 3PT Jump Shot,,,1628370,"","",TRUE,"","","","","","","","","","","",TRUE,"","","","","","","","","","","","","","","","",TRUE,""
95,136,4,0,1,01:21:00,639,TRUE,missed.shot,40,Snell REBOUND (Off:0 Def:1),"",,,203503,"","","","",TRUE,"","","","","","","","","","","","","","","",TRUE,"","","","","","","","","","","",""
96,137,1,6,1,01:08:00,652,TRUE,made.shot,41,Drummond 1' Driving Layup (8 PTS) (Morris 1 AST),"",33 - 31,-2,203083,"",TRUE,"","","","","","","","","","","","","","","","","","","","","","","","","","","","",TRUE,"",""
97,139,1,79,1,00:56:00,664,TRUE,made.shot,42,"",Graham 27' 3PT Pullup Jump Shot (3 PTS),36 - 31,-5,1628984,"",TRUE,"","","","","","","","","","","","","","","","","","","","","","","","","","","","",TRUE,TRUE,""
98,140,1,1,1,00:40:00,680,TRUE,made.shot,43,Rose  3PT Jump Shot (4 PTS) (Morris 2 AST),"",36 - 34,-2,201565,"",TRUE,"","","","","","","","","","","","","","","","","","","","","","","","","","","","",TRUE,TRUE,""
99,142,1,73,1,00:28:00,692,TRUE,made.shot,44,"",Graham 2' Driving Reverse Layup (5 PTS),38 - 34,-4,1628984,"",TRUE,"","","","","","","","","","","","","","","","","","","","","","","","","","","","",TRUE,"",""
100,143,1,6,1,00:08:00,712,"",,45,Rose 2' Driving Layup (6 PTS),"",38 - 36,-2,201565,"",TRUE,"","","","","","","","","","","","","","","","","","","","","","","","","","","",TRUE,"","",""
101,144,6,2,1,00:08:00,712,"",,45,"",Washington S.FOUL (P1.T3) (M.Davis),,,1629023,"","","","","","",TRUE,"","","","","","","","",TRUE,"","","","","","","","","","","","","","","","",""
102,146,8,0,1,00:08:00,712,"",,45,SUB: Wood FOR Drummond,"",,,203083,"","","","","","","","",TRUE,"","","","","","","","","","","","","","","","","","","","","","","",""
103,148,8,0,1,00:08:00,712,"",,45,SUB: Brown FOR Mykhailiuk,"",,,1629004,"","","","","","","","",TRUE,"","","","","","","","","","","","","","","","","","","","","","","",""
104,150,3,10,1,00:08:00,712,TRUE,last.ft.made,45,Rose Free Throw 1 of 1 (7 PTS),"",38 - 37,-1,201565,"","","",TRUE,"","","","","","","","","","","","","","","","","","",TRUE,"","","","",TRUE,TRUE,"","","",""
105,151,6,28,1,00:03:00,717,"",,46,Rose Personal Take Foul (P1.T3) (B.Nansel),"",,,201565,"","","","","","",TRUE,"","","","","","","","","","","","","","","","","","","","","","","","","",""
106,153,2,63,1,00:00:00,720,"",,46,"",MISS Monk 19' Fadeaway Jumper,,,1628370,"","",TRUE,"","","","","","","","","","","",TRUE,"","","","","","","","","","","","","","","","","",""
107,154,4,0,1,00:00:00,720,"",,46,"",Hornets Rebound,,,1610612766,"","","","",TRUE,"","","","","","","","","","","","","","",TRUE,"","","","","","","","","","","","",""
108,155,13,0,1,00:00:00,720,TRUE,end.of.period,46,"","",38 - 37,-1,0,"","","","","","","","","","","","","",TRUE,"","","","","","","","","","","","","","","","","","",""
109,158,12,0,2,12:00:00,720,"",,47,"","",38 - 37,-1,0,"","","","","","","","","","","","",TRUE,"","","","","","","","","","","","","","","","","","","",""
110,161,7,1,2,12:00:00,720,"",,47,"","",,,1610612766,"","","","","","","",TRUE,"","","","","","","","","","","","","","","","","","","","","","","","",""
111,159,2,78,2,11:46:00,734,"",,47,"",MISS Graham 7' Floating Jump Shot,,,1628984,"","",TRUE,"","","","","","","","","","","",TRUE,"","","","","","","","","","","","","","","","","",""
112,160,4,0,2,11:44:00,736,TRUE,missed.shot,47,Wood REBOUND (Off:0 Def:1),"",,,1626174,"","","","",TRUE,"","","","","","","","","","","","","","","",TRUE,"","","","","","","","","","","",""
113,162,2,58,2,11:25:00,755,"",,48,MISS Morris 8' Turnaround Hook Shot,"",,,202693,"","",TRUE,"","","","","","","","","","","",TRUE,"","","","","","","","","","","","","","","","","",""
114,163,4,0,2,11:23:00,757,TRUE,missed.shot,48,"",Washington REBOUND (Off:0 Def:1),,,1629023,"","","","",TRUE,"","","","","","","","","","","","","","","",TRUE,"","","","","","","","","","","",""
115,164,1,58,2,11:11:00,769,TRUE,made.shot,49,"",Washington 8' Turnaround Hook Shot (7 PTS) (Williams 2 AST),40 - 37,-3,1629023,"",TRUE,"","","","","","","","","","","","","","","","","","","","","","","","","","","","",TRUE,"",""
116,166,2,6,2,10:52:00,788,"",,50,MISS Mykhailiuk 4' Driving Layup,"",,,1629004,"","",TRUE,"","","","","","","","","","","",TRUE,"","","","","","","","","","","","","","","","","",""
117,167,4,0,2,10:50:00,790,"",,50,Morris REBOUND (Off:1 Def:0),"",,,202693,"","","","",TRUE,"","","","","","","","","","","","","","","","","","","","","","","","","","","",""
118,168,5,8,2,10:46:00,794,TRUE,turnover,50,Morris 3 Second Violation Turnover (P1.T3),"",,,202693,"","","","","",TRUE,"","","","","","","","","","","","","","","","","","","","","","","","","","",""
119,169,8,0,2,10:46:00,794,"",,51,"",SUB: Bridges FOR Williams,,,101107,"","","","","","","","",TRUE,"","","","","","","","","","","","","","","","","","","","","","","",""
120,171,1,57,2,10:25:00,815,TRUE,made.shot,51,"",Washington 8' Driving Hook Shot (9 PTS) (Graham 2 AST),42 - 37,-5,1629023,"",TRUE,"","","","","","","","","","","","","","","","","","","","","","","","","","","","",TRUE,"",""
121,204,2,6,2,10:04:00,836,"",,52,MISS Wood 9' Driving Layup,Graham BLOCK (1 BLK),,,1626174,"","",TRUE,"","","","","","","","","","","",TRUE,"","","","","","","","","","","","","","","","","",""
122,174,8,0,2,10:03:00,837,"",,52,"",SUB: Williams FOR Washington,,,1629023,"","","","","","","","",TRUE,"","","","","","","","","","","","","","","","","","","","","","","",""
123,206,4,0,2,10:03:00,837,"",,52,PISTONS Rebound,"",,,1610612765,"","","","",TRUE,"","","","","","","","","","","","","","",TRUE,"","","","","","","","","","","","",""
124,176,1,1,2,10:01:00,839,TRUE,made.shot,52,Mykhailiuk  3PT Jump Shot (3 PTS) (Rose 2 AST),"",42 - 40,-2,1629004,"",TRUE,"","","","","","","","","","","","","","","","","","","","","","","","","","","","",TRUE,TRUE,""
125,178,2,1,2,09:36:00,864,"",,53,"",MISS Williams  3PT Jump Shot,,,101107,"","",TRUE,"","","","","","","","","","","",TRUE,"","","","","","","","","","","","","","","","",TRUE,""
126,179,4,0,2,09:33:00,867,TRUE,missed.shot,53,Snell REBOUND (Off:0 Def:2),"",,,203503,"","","","",TRUE,"","","","","","","","","","","","","","","",TRUE,"","","","","","","","","","","",""
127,180,2,5,2,09:26:00,874,"",,54,MISS Wood 4' Layup,"",,,1626174,"","",TRUE,"","","","","","","","","","","",TRUE,"","","","","","","","","","","","","","","","","",""
128,181,4,0,2,09:24:00,876,"",,54,Mykhailiuk REBOUND (Off:2 Def:0),"",,,1629004,"","","","",TRUE,"","","","","","","","","","","","","","","","","","","","","","","","","","","",""
129,182,2,1,2,09:20:00,880,"",,54,MISS Rose 27' 3PT Jump Shot,"",,,201565,"","",TRUE,"","","","","","","","","","","",TRUE,"","","","","","","","","","","","","","","","",TRUE,""
130,183,4,0,2,09:19:00,881,TRUE,missed.shot,54,"",Williams REBOUND (Off:0 Def:1),,,101107,"","","","",TRUE,"","","","","","","","","","","","","","","",TRUE,"","","","","","","","","","","",""
131,184,1,52,2,09:13:00,887,TRUE,made.shot,55,"",Bridges 1' Alley Oop Dunk (9 PTS) (Graham 3 AST),44 - 40,-4,1628970,"",TRUE,"","","","","","","","","","","","","","","","","","","","","","","","","","","","",TRUE,"",""
132,186,1,6,2,08:54:00,906,"",,56,Rose 1' Driving Layup (9 PTS),"",44 - 42,-2,201565,"",TRUE,"","","","","","","","","","","","","","","","","","","","","","","","","","","",TRUE,"","",""
133,187,6,2,2,08:54:00,906,"",,56,"",Batum S.FOUL (P1.T1) (B.Nansel),,,201587,"","","","","","",TRUE,"","","","","","","","",TRUE,"","","","","","","","","","","","","","","","",""
134,189,8,0,2,08:54:00,906,"",,56,"",SUB: Rozier FOR Graham,,,1628984,"","","","","","","","",TRUE,"","","","","","","","","","","","","","","","","","","","","","","",""
135,191,3,10,2,08:54:00,906,TRUE,last.ft.made,56,Rose Free Throw 1 of 1 (10 PTS),"",44 - 43,-1,201565,"","","",TRUE,"","","","","","","","","","","","","","","","","","",TRUE,"","","","",TRUE,TRUE,"","","",""
136,192,2,1,2,08:36:00,924,"",,57,"",MISS Batum 25' 3PT Jump Shot,,,201587,"","",TRUE,"","","","","","","","","","","",TRUE,"","","","","","","","","","","","","","","","",TRUE,""
137,193,4,0,2,08:33:00,927,TRUE,missed.shot,57,Rose REBOUND (Off:0 Def:1),"",,,201565,"","","","",TRUE,"","","","","","","","","","","","","","","",TRUE,"","","","","","","","","","","",""
138,194,5,45,2,08:32:00,928,TRUE,turnover,58,Rose Out of Bounds - Bad Pass Turnover Turnover (P1.T4),"",,,201565,"","","","","",TRUE,"","","","","","","","","","","","","","","","","","","","","","","","","","",""
139,195,8,0,2,08:32:00,928,"",,59,SUB: Brown FOR Rose,"",,,201565,"","","","","","","","",TRUE,"","","","","","","","","","","","","","","","","","","","","","","",""
140,196,8,0,2,08:32:00,928,"",,59,"",SUB: Biyombo FOR Batum,,,201587,"","","","","","","","",TRUE,"","","","","","","","","","","","","","","","","","","","","","","",""
141,199,2,5,2,08:15:00,945,"",,59,"",MISS Bridges 4' Layup,,,1628970,"","",TRUE,"","","","","","","","","","","",TRUE,"","","","","","","","","","","","","","","","","",""
142,200,4,0,2,08:13:00,947,TRUE,missed.shot,59,Brown REBOUND (Off:0 Def:2),"",,,1628971,"","","","",TRUE,"","","","","","","","","","","","","","","",TRUE,"","","","","","","","","","","",""
143,201,1,1,2,08:02:00,958,TRUE,made.shot,60,Snell 26' 3PT Jump Shot (6 PTS) (Mykhailiuk 1 AST),"",44 - 46,2,203503,"",TRUE,"","","","","","","","","","","","","","","","","","","","","","","","","","","","",TRUE,TRUE,""
144,203,9,1,2,08:00:00,960,"",,61,"",Hornets Timeout: Regular (Reg.2 Short 0),,,1610612766,"","","","","","","","","",TRUE,"","","","","","","","","","","","","","","","","","","","","","",""
145,207,8,0,2,08:00:00,960,"",,61,SUB: Kennard FOR Mykhailiuk,"",,,1629004,"","","","","","","","",TRUE,"","","","","","","","","","","","","","","","","","","","","","","",""
146,209,2,78,2,07:45:00,975,"",,61,"",MISS Rozier 9' Floating Jump Shot,,,1626179,"","",TRUE,"","","","","","","","","","","",TRUE,"","","","","","","","","","","","","","","","","",""
147,210,4,0,2,07:41:00,979,TRUE,missed.shot,61,Wood REBOUND (Off:0 Def:2),"",,,1626174,"","","","",TRUE,"","","","","","","","","","","","","","","",TRUE,"","","","","","","","","","","",""
148,211,2,5,2,07:29:00,991,"",,62,MISS Wood 6' Layup,"",,,1626174,"","",TRUE,"","","","","","","","","","","",TRUE,"","","","","","","","","","","","","","","","","",""
149,212,4,0,2,07:27:00,993,"",,62,Wood REBOUND (Off:1 Def:2),"",,,1626174,"","","","",TRUE,"","","","","","","","","","","","","","","","","","","","","","","","","","","",""
150,213,6,2,2,07:27:00,993,"",,62,"",Williams S.FOUL (P1.T2) (B.Nansel),,,101107,"","","","","","",TRUE,"","","","","","","","",TRUE,"","","","","","","","","","","","","","","","",""
151,215,3,11,2,07:27:00,993,"",,62,MISS Wood Free Throw 1 of 2,"",,,1626174,"","","",TRUE,"","","","","","","","","","",TRUE,"","","","","","",TRUE,"","","","","","","","","","",""
152,216,4,1,2,07:27:00,993,"",,62,PISTONS Rebound,"",,,1610612765,"","","","",TRUE,"","","","","","","","","","","","","","",TRUE,"","","","","","","","","","","","",""
153,217,3,12,2,07:27:00,993,"",,62,MISS Wood Free Throw 2 of 2,"",,,1626174,"","","",TRUE,"","","","","","","","","","",TRUE,"","","","","","",TRUE,"",TRUE,"","",TRUE,TRUE,"","","","",""
154,218,4,0,2,07:24:00,996,TRUE,missed.shot,62,"",Bridges REBOUND (Off:2 Def:2),,,1628970,"","","","",TRUE,"","","","","","","","","","","","","","","",TRUE,"","","","","","","","","","","",""
155,219,1,7,2,07:12:00,1008,TRUE,made.shot,63,"",Biyombo 1' Dunk (4 PTS) (Williams 3 AST),46 - 46,TIE,202687,"",TRUE,"","","","","","","","","","","","","","","","","","","","","","","","","","","","",TRUE,"",""
156,221,2,5,2,06:48:00,1032,"",,64,MISS Brown 2' Layup,Bridges BLOCK (1 BLK),,,1628971,"","",TRUE,"","","","","","","","","","","",TRUE,"","","","","","","","","","","","","","","","","",""
157,223,4,0,2,06:48:00,1032,"",,64,PISTONS Rebound,"",,,1610612765,"","","","",TRUE,"","","","","","","","","","","","","","",TRUE,"","","","","","","","","","","","",""
158,225,5,11,2,06:46:00,1034,TRUE,turnover,64,PISTONS Turnover: Shot Clock (T#5),"",,,1610612765,"","","","","",TRUE,"","","","","","","","","","","","","","","","","","","","","","","","","","",TRUE
159,226,1,79,2,06:26:00,1054,TRUE,made.shot,65,"",Rozier 26' 3PT Pullup Jump Shot (17 PTS),49 - 46,-3,1626179,"",TRUE,"","","","","","","","","","","","","","","","","","","","","","","","","","","","",TRUE,TRUE,""
160,227,1,6,2,06:08:00,1072,TRUE,made.shot,66,Morris 1' Driving Layup (5 PTS) (Kennard 1 AST),"",49 - 48,-1,202693,"",TRUE,"","","","","","","","","","","","","","","","","","","","","","","","","","","","",TRUE,"",""
161,229,2,1,2,05:55:00,1085,"",,67,"",MISS Rozier 25' 3PT Jump Shot,,,1626179,"","",TRUE,"","","","","","","","","","","",TRUE,"","","","","","","","","","","","","","","","",TRUE,""
162,230,4,0,2,05:52:00,1088,TRUE,missed.shot,67,Wood REBOUND (Off:1 Def:3),"",,,1626174,"","","","",TRUE,"","","","","","","","","","","","","","","",TRUE,"","","","","","","","","","","",""
163,231,5,45,2,05:46:00,1094,TRUE,turnover,68,Snell Out of Bounds - Bad Pass Turnover Turnover (P2.T6),"",,,203503,"","","","","",TRUE,"","","","","","","","","","","","","","","","","","","","","","","","","","",""
164,232,8,0,2,05:46:00,1094,"",,69,SUB: Drummond FOR Morris,"",,,202693,"","","","","","","","",TRUE,"","","","","","","","","","","","","","","","","","","","","","","",""
165,233,8,0,2,05:46:00,1094,"",,69,SUB: Griffin FOR Wood,"",,,1626174,"","","","","","","","",TRUE,"","","","","","","","","","","","","","","","","","","","","","","",""
166,234,8,0,2,05:46:00,1094,"",,69,"",SUB: Graham FOR Monk,,,1628370,"","","","","","","","",TRUE,"","","","","","","","","","","","","","","","","","","","","","","",""
167,239,5,1,2,05:24:00,1116,TRUE,turnover,69,Drummond STEAL (1 STL),Graham Bad Pass Turnover (P1.T1),,,1628984,"","","","","",TRUE,"","","","","","","","","","","","","","","","","","","","","","","","","","",""
168,241,1,1,2,05:15:00,1125,TRUE,made.shot,70,Snell 26' 3PT Jump Shot (9 PTS) (Brown 2 AST),"",49 - 51,2,203503,"",TRUE,"","","","","","","","","","","","","","","","","","","","","","","","","","","","",TRUE,TRUE,""
169,243,1,1,2,04:52:00,1148,TRUE,made.shot,71,"",Graham 26' 3PT Jump Shot (8 PTS) (Biyombo 1 AST),52 - 51,-1,1628984,"",TRUE,"","","","","","","","","","","","","","","","","","","","","","","","","","","","",TRUE,TRUE,""
170,244,2,3,2,04:32:00,1168,"",,72,MISS Griffin 5' Hook Shot,Bridges BLOCK (2 BLK),,,201933,"","",TRUE,"","","","","","","","","","","",TRUE,"","","","","","","","","","","","","","","","","",""
171,246,4,0,2,04:28:00,1172,TRUE,missed.shot,72,"",Rozier REBOUND (Off:0 Def:2),,,1626179,"","","","",TRUE,"","","","","","","","","","","","","","","",TRUE,"","","","","","","","","","","",""
172,249,1,7,2,04:17:00,1183,TRUE,made.shot,73,"",Biyombo 2' Dunk (6 PTS) (Bridges 3 AST),54 - 51,-3,202687,"",TRUE,"","","","","","","","","","","","","","","","","","","","","","","","","","","","",TRUE,"",""
173,251,9,1,2,04:17:00,1183,"",,74,PISTONS Timeout: Regular (Full 2 Short 0),"",,,1610612765,"","","","","","","","","",TRUE,"","","","","","","","","","","","","","","","","","","","","","",""
174,252,8,0,2,04:17:00,1183,"",,74,SUB: Galloway FOR Snell,"",,,203503,"","","","","","","","",TRUE,"","","","","","","","","","","","","","","","","","","","","","","",""
175,255,2,1,2,04:02:00,1198,"",,74,MISS Kennard 26' 3PT Jump Shot,"",,,1628379,"","",TRUE,"","","","","","","","","","","",TRUE,"","","","","","","","","","","","","","","","",TRUE,""
176,256,4,0,2,03:58:00,1202,"",,74,Griffin REBOUND (Off:1 Def:0),"",,,201933,"","","","",TRUE,"","","","","","","","","","","","","","","","","","","","","","","","","","","",""
177,257,1,72,2,03:58:00,1202,TRUE,made.shot,74,Griffin 1' Putback Layup (6 PTS),"",54 - 53,-1,201933,"",TRUE,"","","","","","","","","","","","","","","","","","","","","","","","","","","","",TRUE,"",""
178,258,7,5,2,03:38:00,1222,"",,75,Drummond Violation:Kicked Ball (G.Petraitis),"",,,203083,"","","","","","","",TRUE,"","","","","","","","","","","","","","","","","","","","","","","","",""
179,259,8,0,2,03:38:00,1222,"",,75,"",SUB: Washington FOR Williams,,,101107,"","","","","","","","",TRUE,"","","","","","","","","","","","","","","","","","","","","","","",""
180,261,5,4,2,03:28:00,1232,TRUE,turnover,75,"",Biyombo Traveling Turnover (P1.T2),,,202687,"","","","","",TRUE,"","","","","","","","","","","","","","","","","","","","","","","","","","",""
181,262,1,52,2,03:13:00,1247,TRUE,made.shot,76,Drummond 1' Alley Oop Dunk (10 PTS) (Kennard 2 AST),"",54 - 55,1,203083,"",TRUE,"","","","","","","","","","","","","","","","","","","","","","","","","","","","",TRUE,"",""
182,264,2,9,2,02:51:00,1269,"",,77,"",MISS Bridges 2' Driving Dunk,,,1628970,"","",TRUE,"","","","","","","","","","","",TRUE,"","","","","","","","","","","","","","","","","",""
183,265,4,0,2,02:49:00,1271,TRUE,missed.shot,77,Galloway REBOUND (Off:0 Def:2),"",,,204038,"","","","",TRUE,"","","","","","","","","","","","","","","",TRUE,"","","","","","","","","","","",""
184,266,2,1,2,02:46:00,1274,"",,78,MISS Kennard  3PT Jump Shot,"",,,1628379,"","",TRUE,"","","","","","","","","","","",TRUE,"","","","","","","","","","","","","","","","",TRUE,""
185,267,4,0,2,02:43:00,1277,TRUE,missed.shot,78,"",Bridges REBOUND (Off:2 Def:3),,,1628970,"","","","",TRUE,"","","","","","","","","","","","","","","",TRUE,"","","","","","","","","","","",""
186,268,2,79,2,02:40:00,1280,"",,79,"",MISS Rozier 25' 3PT Pullup Jump Shot,,,1626179,"","",TRUE,"","","","","","","","","","","",TRUE,"","","","","","","","","","","","","","","","",TRUE,""
187,269,4,0,2,02:34:00,1286,"",,79,"",Biyombo REBOUND (Off:1 Def:2),,,202687,"","","","",TRUE,"","","","","","","","","","","","","","","","","","","","","","","","","","","",""
188,270,1,97,2,02:34:00,1286,TRUE,made.shot,79,"",Biyombo 1' Tip Layup Shot (8 PTS),56 - 55,-1,202687,"",TRUE,"","","","","","","","","","","","","","","","","","","","","","","","","","","","",TRUE,"",""
189,271,6,1,2,02:18:00,1302,"",,80,"",Bridges P.FOUL (P1.T3) (B.Nansel),,,1628970,"","","","","","",TRUE,"","","","","","","","","","","","","","","","","","","","","","","","","",""
190,273,8,0,2,02:18:00,1302,"",,80,"",SUB: Batum FOR Bridges,,,1628970,"","","","","","","","",TRUE,"","","","","","","","","","","","","","","","","","","","","","","",""
191,275,6,2,2,02:09:00,1311,"",,80,"",Biyombo S.FOUL (P1.T4) (G.Petraitis),,,202687,"","","","","","",TRUE,"","","","","","","","",TRUE,"","","","","","","","","","","","","","","","",""
192,277,3,11,2,02:09:00,1311,"",,80,MISS Drummond Free Throw 1 of 2,"",,,203083,"","","",TRUE,"","","","","","","","","","",TRUE,"","","","","","",TRUE,"","","","","","","","","","",""
193,278,4,1,2,02:09:00,1311,"",,80,PISTONS Rebound,"",,,1610612765,"","","","",TRUE,"","","","","","","","","","","","","","",TRUE,"","","","","","","","","","","","",""
194,279,3,12,2,02:09:00,1311,"",,80,MISS Drummond Free Throw 2 of 2,"",,,203083,"","","",TRUE,"","","","","","","","","","",TRUE,"","","","","","",TRUE,"",TRUE,"","",TRUE,TRUE,"","","","",""
195,280,4,0,2,02:06:00,1314,TRUE,missed.shot,80,"",Biyombo REBOUND (Off:1 Def:3),,,202687,"","","","",TRUE,"","","","","","","","","","","","","","","",TRUE,"","","","","","","","","","","",""
196,281,6,2,2,01:52:00,1328,"",,81,Griffin S.FOUL (P1.T1) (G.Petraitis),"",,,201933,"","","","","","",TRUE,"","","","","","","","",TRUE,"","","","","","","","","","","","","","","","",""
197,283,3,11,2,01:52:00,1328,"",,81,"",MISS Washington Free Throw 1 of 2,,,1629023,"","","",TRUE,"","","","","","","","","","",TRUE,"","","","","","",TRUE,"","","","","","","","","","",""
198,284,4,1,2,01:52:00,1328,"",,81,"",Hornets Rebound,,,1610612766,"","","","",TRUE,"","","","","","","","","","","","","","",TRUE,"","","","","","","","","","","","",""
199,285,3,12,2,01:52:00,1328,"",,81,"",MISS Washington Free Throw 2 of 2,,,1629023,"","","",TRUE,"","","","","","","","","","",TRUE,"","","","","","",TRUE,"",TRUE,"","",TRUE,TRUE,"","","","",""
200,286,4,0,2,01:50:00,1330,TRUE,missed.shot,81,Drummond REBOUND (Off:5 Def:5),"",,,203083,"","","","",TRUE,"","","","","","","","","","","","","","","",TRUE,"","","","","","","","","","","",""
201,287,1,6,2,01:28:00,1352,TRUE,made.shot,82,Kennard 2' Driving Layup (14 PTS),"",56 - 57,1,1628379,"",TRUE,"","","","","","","","","","","","","","","","","","","","","","","","","","","","",TRUE,"",""
202,288,6,2,2,01:07:00,1373,"",,83,Griffin S.FOUL (P2.PN) (B.Nansel),"",,,201933,"","","","","","",TRUE,"","","","","","","","",TRUE,"","","","","","","","","","","","","","","","",""
203,290,7,1,2,01:07:00,1373,"",,83,"","",,,1610612765,"","","","","","","",TRUE,"","","","","","","","","","","","","","","","","","","","","","","","",""
204,291,3,11,2,01:07:00,1373,"",,83,"",MISS Biyombo Free Throw 1 of 2,,,202687,"","","",TRUE,"","","","","","","","","","",TRUE,"","","","","","",TRUE,"","","","","","","","","","",""
205,292,4,1,2,01:07:00,1373,"",,83,"",Hornets Rebound,,,1610612766,"","","","",TRUE,"","","","","","","","","","","","","","",TRUE,"","","","","","","","","","","","",""
206,293,3,12,2,01:07:00,1373,TRUE,last.ft.made,83,"",Biyombo Free Throw 2 of 2 (9 PTS),57 - 57,TIE,202687,"","","",TRUE,"","","","","","","","","","","","","","","","","","","",TRUE,"","",TRUE,TRUE,TRUE,"","","",""
207,294,5,1,2,00:55:00,1385,TRUE,turnover,84,Brown Bad Pass Turnover (P1.T7),Washington STEAL (3 STL),,,1628971,"","","","","",TRUE,"","","","","","","","","","","","","","","","","","","","","","","","","","",""
208,296,1,6,2,00:42:00,1398,TRUE,made.shot,85,"",Washington 9' Driving Layup (11 PTS) (Graham 4 AST),59 - 57,-2,1629023,"",TRUE,"","","","","","","","","","","","","","","","","","","","","","","","","","","","",TRUE,"",""
209,298,2,6,2,00:26:00,1414,"",,86,MISS Brown 3' Driving Layup,"",,,1628971,"","",TRUE,"","","","","","","","","","","",TRUE,"","","","","","","","","","","","","","","","","",""
210,299,4,0,2,00:23:00,1417,TRUE,missed.shot,86,"",Rozier REBOUND (Off:0 Def:3),,,1626179,"","","","",TRUE,"","","","","","","","","","","","","","","",TRUE,"","","","","","","","","","","",""
211,300,1,79,2,00:05:00,1435,TRUE,made.shot,87,"",Graham 25' 3PT Pullup Jump Shot (11 PTS),62 - 57,-5,1628984,"",TRUE,"","","","","","","","","","","","","","","","","","","","","","","","","","","","",TRUE,TRUE,""
212,301,2,1,2,00:00:00,1440,"",,88,MISS Brown 35' 3PT Jump Shot,"",,,1628971,"","",TRUE,"","","","","","","","","","","",TRUE,"","","","","","","","","","","","","","","","",TRUE,""
213,302,4,0,2,00:00:00,1440,"",,88,PISTONS Rebound,"",,,1610612765,"","","","",TRUE,"","","","","","","","","","","","","","",TRUE,"","","","","","","","","","","","",""
214,303,13,0,2,00:00:00,1440,TRUE,end.of.period,88,"","",62 - 57,-5,0,"","","","","","","","","","","","","",TRUE,"","","","","","","","","","","","","","","","","","",""
215,312,12,0,3,12:00:00,1440,"",,89,"","",62 - 57,-5,0,"","","","","","","","","","","","",TRUE,"","","","","","","","","","","","","","","","","","","",""
216,613,6,18,3,12:00:00,1440,"",,89,"","",,,0,"","","","","","",TRUE,"","","","","","","","","","","","","","","","","","","","","","","","","",""
217,614,3,16,3,12:00:00,1440,"",,89,"",Rozier Free Throw Technical (18 PTS),63 - 57,-6,1626179,"","","",TRUE,"","","","","","","","","","","","","","","","","","","","","",TRUE,"","","","","","",""
218,313,2,79,3,11:45:00,1455,"",,89,"",MISS Graham 21' Pullup Jump Shot,,,1628984,"","",TRUE,"","","","","","","","","","","",TRUE,"","","","","","","","","","","","","","","","","",""
219,314,4,0,3,11:41:00,1459,TRUE,missed.shot,89,Brown REBOUND (Off:0 Def:3),"",,,1628971,"","","","",TRUE,"","","","","","","","","","","","","","","",TRUE,"","","","","","","","","","","",""
220,315,2,1,3,11:29:00,1471,"",,90,MISS Kennard 26' 3PT Jump Shot,"",,,1628379,"","",TRUE,"","","","","","","","","","","",TRUE,"","","","","","","","","","","","","","","","",TRUE,""
221,316,4,0,3,11:25:00,1475,TRUE,missed.shot,90,"",Washington REBOUND (Off:0 Def:2),,,1629023,"","","","",TRUE,"","","","","","","","","","","","","","","",TRUE,"","","","","","","","","","","",""
222,317,2,98,3,11:20:00,1480,"",,91,"",MISS Biyombo 1' Cutting Layup Shot,,,202687,"","",TRUE,"","","","","","","","","","","",TRUE,"","","","","","","","","","","","","","","","","",""
223,318,4,0,3,11:18:00,1482,TRUE,missed.shot,91,Snell REBOUND (Off:0 Def:3),"",,,203503,"","","","",TRUE,"","","","","","","","","","","","","","","",TRUE,"","","","","","","","","","","",""
224,319,1,3,3,11:11:00,1489,TRUE,made.shot,92,Drummond 5' Hook Shot (12 PTS) (Brown 3 AST),"",62 - 59,-3,203083,"",TRUE,"","","","","","","","","","","","","","","","","","","","","","","","","","","","",TRUE,"",""
225,321,2,6,3,10:50:00,1510,"",,93,"",MISS Rozier 4' Driving Layup,,,1626179,"","",TRUE,"","","","","","","","","","","",TRUE,"","","","","","","","","","","","","","","","","",""
226,322,4,0,3,10:47:00,1513,"",,93,"",Biyombo REBOUND (Off:2 Def:3),,,202687,"","","","",TRUE,"","","","","","","","","","","","","","","","","","","","","","","","","","","",""
227,323,2,72,3,10:46:00,1514,"",,93,"",MISS Biyombo 1' Putback Layup,,,202687,"","",TRUE,"","","","","","","","","","","",TRUE,"","","","","","","","","","","","","","","","","",""
228,324,4,0,3,10:46:00,1514,TRUE,missed.shot,93,Drummond REBOUND (Off:5 Def:6),"",,,203083,"","","","",TRUE,"","","","","","","","","","","","","","","",TRUE,"","","","","","","","","","","",""
229,326,2,5,3,10:34:00,1526,"",,94,MISS Brown 4' Layup,Graham BLOCK (2 BLK),,,1628971,"","",TRUE,"","","","","","","","","","","",TRUE,"","","","","","","","","","","","","","","","","",""
230,328,4,0,3,10:32:00,1528,TRUE,missed.shot,94,"",Washington REBOUND (Off:0 Def:3),,,1629023,"","","","",TRUE,"","","","","","","","","","","","","","","",TRUE,"","","","","","","","","","","",""
231,329,6,1,3,10:25:00,1535,"",,95,Brown P.FOUL (P1.T1) (M.Davis),"",,,1628971,"","","","","","",TRUE,"","","","","","","","","","","","","","","","","","","","","","","","","",""
232,331,2,79,3,10:16:00,1544,"",,95,"",MISS Rozier 14' Pullup Jump Shot,,,1626179,"","",TRUE,"","","","","","","","","","","",TRUE,"","","","","","","","","","","","","","","","","",""
233,332,4,0,3,10:13:00,1547,TRUE,missed.shot,95,Drummond REBOUND (Off:5 Def:7),"",,,203083,"","","","",TRUE,"","","","","","","","","","","","","","","",TRUE,"","","","","","","","","","","",""
234,333,1,50,3,10:10:00,1550,TRUE,made.shot,96,Brown 1' Running Dunk (2 PTS) (Drummond 2 AST),"",62 - 61,-1,1628971,"",TRUE,"","","","","","","","","","","","","","","","","","","","","","","","","","","","",TRUE,"",""
235,335,9,1,3,10:08:00,1552,"",,97,"",Hornets Timeout: Regular (Reg.3 Short 0),,,1610612766,"","","","","","","","","",TRUE,"","","","","","","","","","","","","","","","","","","","","","",""
236,336,1,57,3,09:47:00,1573,TRUE,made.shot,97,"",Bridges 4' Driving Hook Shot (11 PTS),64 - 61,-3,1628970,"",TRUE,"","","","","","","","","","","","","","","","","","","","","","","","","","","","",TRUE,"",""
237,337,1,58,3,09:32:00,1588,"",,98,Griffin 3' Turnaround Hook Shot (8 PTS),"",64 - 63,-1,201933,"",TRUE,"","","","","","","","","","","","","","","","","","","","","","","","","","","",TRUE,"","",""
238,338,6,2,3,09:32:00,1588,"",,98,"",Rozier S.FOUL (P3.T1) (B.Nansel),,,1626179,"","","","","","",TRUE,"","","","","","","","",TRUE,"","","","","","","","","","","","","","","","",""
239,340,3,10,3,09:32:00,1588,"",,98,MISS Griffin Free Throw 1 of 1,"",,,201933,"","","",TRUE,"","","","","","","","","","",TRUE,"","","","","","",TRUE,TRUE,"","","","",TRUE,"","","","",""
240,341,4,0,3,09:29:00,1591,TRUE,missed.shot,98,"",Washington REBOUND (Off:0 Def:4),,,1629023,"","","","",TRUE,"","","","","","","","","","","","","","","",TRUE,"","","","","","","","","","","",""
241,342,6,1,3,09:18:00,1602,"",,99,Brown P.FOUL (P2.T2) (B.Nansel),"",,,1628971,"","","","","","",TRUE,"","","","","","","","","","","","","","","","","","","","","","","","","",""
242,344,2,79,3,09:12:00,1608,"",,99,"",MISS Graham 25' 3PT Pullup Jump Shot,,,1628984,"","",TRUE,"","","","","","","","","","","",TRUE,"","","","","","","","","","","","","","","","",TRUE,""
243,345,4,0,3,09:09:00,1611,TRUE,missed.shot,99,Drummond REBOUND (Off:5 Def:8),"",,,203083,"","","","",TRUE,"","","","","","","","","","","","","","","",TRUE,"","","","","","","","","","","",""
244,347,1,5,3,08:52:00,1628,TRUE,made.shot,100,Drummond 2' Layup (14 PTS),"",64 - 65,1,203083,"",TRUE,"","","","","","","","","","","","","","","","","","","","","","","","","","","","",TRUE,"",""
245,348,2,1,3,08:38:00,1642,"",,101,"",MISS Bridges  3PT Jump Shot,,,1628970,"","",TRUE,"","","","","","","","","","","",TRUE,"","","","","","","","","","","","","","","","",TRUE,""
246,349,4,0,3,08:35:00,1645,"",,101,"",Rozier REBOUND (Off:1 Def:3),,,1626179,"","","","",TRUE,"","","","","","","","","","","","","","","","","","","","","","","","","","","",""
247,350,2,57,3,08:29:00,1651,"",,101,"",MISS Graham 10' Driving Hook Shot,,,1628984,"","",TRUE,"","","","","","","","","","","",TRUE,"","","","","","","","","","","","","","","","","",""
248,351,4,0,3,08:27:00,1653,"",,101,"",Biyombo REBOUND (Off:3 Def:3),,,202687,"","","","",TRUE,"","","","","","","","","","","","","","","","","","","","","","","","","","","",""
249,352,1,3,3,08:26:00,1654,TRUE,made.shot,101,"",Biyombo 1' Hook Shot (11 PTS),66 - 65,-1,202687,"",TRUE,"","","","","","","","","","","","","","","","","","","","","","","","","","","","",TRUE,"",""
250,353,1,6,3,08:09:00,1671,TRUE,made.shot,102,Griffin 3' Driving Layup (10 PTS) (Snell 1 AST),"",66 - 67,1,201933,"",TRUE,"","","","","","","","","","","","","","","","","","","","","","","","","","","","",TRUE,"",""
251,355,5,1,3,07:59:00,1681,TRUE,turnover,103,Brown STEAL (1 STL),Washington Bad Pass Turnover (P1.T3),,,1629023,"","","","","",TRUE,"","","","","","","","","","","","","","","","","","","","","","","","","","",""
252,357,1,75,3,07:52:00,1688,TRUE,made.shot,104,Brown 2' Driving Finger Roll Layup (4 PTS) (Snell 2 AST),"",66 - 69,3,1628971,"",TRUE,"","","","","","","","","","","","","","","","","","","","","","","","","","","","",TRUE,"",""
253,359,1,1,3,07:38:00,1702,TRUE,made.shot,105,"",Bridges  3PT Jump Shot (14 PTS) (Graham 5 AST),69 - 69,TIE,1628970,"",TRUE,"","","","","","","","","","","","","","","","","","","","","","","","","","","","",TRUE,TRUE,""
254,361,2,1,3,07:15:00,1725,"",,106,MISS Snell  3PT Jump Shot,"",,,203503,"","",TRUE,"","","","","","","","","","","",TRUE,"","","","","","","","","","","","","","","","",TRUE,""
255,362,4,0,3,07:12:00,1728,TRUE,missed.shot,106,"",Bridges REBOUND (Off:2 Def:4),,,1628970,"","","","",TRUE,"","","","","","","","","","","","","","","",TRUE,"","","","","","","","","","","",""
256,363,2,1,3,07:07:00,1733,"",,107,"",MISS Bridges 26' 3PT Jump Shot,,,1628970,"","",TRUE,"","","","","","","","","","","",TRUE,"","","","","","","","","","","","","","","","",TRUE,""
257,364,4,0,3,07:04:00,1736,TRUE,missed.shot,107,Snell REBOUND (Off:0 Def:4),"",,,203503,"","","","",TRUE,"","","","","","","","","","","","","","","",TRUE,"","","","","","","","","","","",""
258,365,1,71,3,07:02:00,1738,TRUE,made.shot,108,Griffin 1' Finger Roll Layup (12 PTS) (Brown 4 AST),"",69 - 71,2,201933,"",TRUE,"","","","","","","","","","","","","","","","","","","","","","","","","","","","",TRUE,"",""
259,367,6,1,3,06:42:00,1758,"",,109,Kennard P.FOUL (P2.T3) (M.Davis),"",,,1628379,"","","","","","",TRUE,"","","","","","","","","","","","","","","","","","","","","","","","","",""
260,369,8,0,3,06:42:00,1758,"",,109,"",SUB: Batum FOR Graham,,,1628984,"","","","","","","","",TRUE,"","","","","","","","","","","","","","","","","","","","","","","",""
261,371,1,1,3,06:36:00,1764,TRUE,made.shot,109,"",Rozier 25' 3PT Jump Shot (21 PTS) (Washington 2 AST),72 - 71,-1,1626179,"",TRUE,"","","","","","","","","","","","","","","","","","","","","","","","","","","","",TRUE,TRUE,""
262,373,1,1,3,06:13:00,1787,TRUE,made.shot,110,Griffin  3PT Jump Shot (15 PTS) (Brown 5 AST),"",72 - 74,2,201933,"",TRUE,"","","","","","","","","","","","","","","","","","","","","","","","","","","","",TRUE,TRUE,""
263,417,2,101,3,05:59:00,1801,"",,111,Kennard BLOCK (1 BLK),MISS Washington 9' Driving Floating Jump Shot,,,1629023,"","",TRUE,"","","","","","","","","","","",TRUE,"","","","","","","","","","","","","","","","","",""
264,419,4,0,3,05:56:00,1804,"",,111,"",Bridges REBOUND (Off:3 Def:4),,,1628970,"","","","",TRUE,"","","","","","","","","","","","","","","","","","","","","","","","","","","",""
265,375,2,1,3,05:52:00,1808,"",,111,"",MISS Batum  3PT Jump Shot,,,201587,"","",TRUE,"","","","","","","","","","","",TRUE,"","","","","","","","","","","","","","","","",TRUE,""
266,376,4,0,3,05:51:00,1809,TRUE,missed.shot,111,PISTONS Rebound,"",,,1610612765,"","","","",TRUE,"","","","","","","","","","","","","","",TRUE,TRUE,"","","","","","","","","","","",""
267,378,8,0,3,05:51:00,1809,"",,112,SUB: Rose FOR Brown,"",,,1628971,"","","","","","","","",TRUE,"","","","","","","","","","","","","","","","","","","","","","","",""
268,379,8,0,3,05:51:00,1809,"",,112,"",SUB: Monk FOR Bridges,,,1628970,"","","","","","","","",TRUE,"","","","","","","","","","","","","","","","","","","","","","","",""
269,380,8,0,3,05:51:00,1809,"",,112,"",SUB: Williams FOR Washington,,,1629023,"","","","","","","","",TRUE,"","","","","","","","","","","","","","","","","","","","","","","",""
270,384,2,79,3,05:43:00,1817,"",,112,MISS Griffin 25' 3PT Pullup Jump Shot,"",,,201933,"","",TRUE,"","","","","","","","","","","",TRUE,"","","","","","","","","","","","","","","","",TRUE,""
271,385,4,0,3,05:40:00,1820,TRUE,missed.shot,112,"",Monk REBOUND (Off:0 Def:1),,,1628370,"","","","",TRUE,"","","","","","","","","","","","","","","",TRUE,"","","","","","","","","","","",""
272,386,1,79,3,05:35:00,1825,TRUE,made.shot,113,"",Monk 26' 3PT Pullup Jump Shot (5 PTS),75 - 74,-1,1628370,"",TRUE,"","","","","","","","","","","","","","","","","","","","","","","","","","","","",TRUE,TRUE,""
273,387,5,40,3,05:17:00,1843,TRUE,turnover,114,Snell Out of Bounds Lost Ball Turnover (P3.T8),"",,,203503,"","","","","",TRUE,"","","","","","","","","","","","","","","","","","","","","","","","","","",""
274,388,6,26,3,05:01:00,1859,"",,115,"",Monk Offensive Charge Foul (P1.T2) (B.Nansel),,,1628370,"","","","","","",TRUE,"","","","","","","","","","","","","","","","","","","","","","","","","",""
275,390,5,37,3,05:01:00,1859,TRUE,turnover,115,"",Monk Offensive Foul Turnover (P1.T4),,,1628370,"","","","","",TRUE,"","","","","","","","","","","","","","","","","","","","","","","","","","",""
276,391,8,0,3,05:01:00,1859,"",,116,SUB: Galloway FOR Snell,"",,,203503,"","","","","","","","",TRUE,"","","","","","","","","","","","","","","","","","","","","","","",""
277,393,6,1,3,04:44:00,1876,"",,116,"",Williams P.FOUL (P2.T3) (G.Petraitis),,,101107,"","","","","","",TRUE,"","","","","","","","","","","","","","","","","","","","","","","","","",""
278,395,2,101,3,04:38:00,1882,"",,116,MISS Rose 11' Driving Floating Jump Shot,"",,,201565,"","",TRUE,"","","","","","","","","","","",TRUE,"","","","","","","","","","","","","","","","","",""
279,396,4,0,3,04:37:00,1883,"",,116,PISTONS Rebound,"",,,1610612765,"","","","",TRUE,"","","","","","","","","","","","","","",TRUE,"","","","","","","","","","","","",""
280,398,2,1,3,04:32:00,1888,"",,116,MISS Griffin 25' 3PT Jump Shot,"",,,201933,"","",TRUE,"","","","","","","","","","","",TRUE,"","","","","","","","","","","","","","","","",TRUE,""
281,399,4,0,3,04:27:00,1893,"",,116,Drummond REBOUND (Off:6 Def:8),"",,,203083,"","","","",TRUE,"","","","","","","","","","","","","","","","","","","","","","","","","","","",""
282,400,1,1,3,04:25:00,1895,TRUE,made.shot,116,Kennard 25' 3PT Jump Shot (17 PTS) (Drummond 3 AST),"",75 - 77,2,1628379,"",TRUE,"","","","","","","","","","","","","","","","","","","","","","","","","","","","",TRUE,TRUE,""
283,402,6,4,3,04:14:00,1906,"",,117,"",Biyombo OFF.Foul (P2) (B.Nansel),,,202687,"","","","","","",TRUE,"","","","","","","","","","","","","","","","","","","","","","","","","",""
284,404,5,37,3,04:14:00,1906,TRUE,turnover,117,"",Biyombo Offensive Foul Turnover (P2.T5),,,202687,"","","","","",TRUE,"","","","","","","","","","","","","","","","","","","","","","","","","","",""
285,405,5,1,3,03:54:00,1926,TRUE,turnover,118,Galloway Bad Pass Turnover (P1.T9),Williams STEAL (1 STL),,,204038,"","","","","",TRUE,"","","","","","","","","","","","","","","","","","","","","","","","","","",""
286,407,2,1,3,03:47:00,1933,"",,119,"",MISS Williams 25' 3PT Jump Shot,,,101107,"","",TRUE,"","","","","","","","","","","",TRUE,"","","","","","","","","","","","","","","","",TRUE,""
287,408,4,0,3,03:43:00,1937,TRUE,missed.shot,119,Griffin REBOUND (Off:1 Def:1),"",,,201933,"","","","",TRUE,"","","","","","","","","","","","","","","",TRUE,"","","","","","","","","","","",""
288,409,6,2,3,03:39:00,1941,"",,120,"",Williams S.FOUL (P3.T4) (B.Nansel),,,101107,"","","","","","",TRUE,"","","","","","","","",TRUE,"","","","","","","","","","","","","","","","",""
289,411,3,11,3,03:39:00,1941,"",,120,MISS Griffin Free Throw 1 of 2,"",,,201933,"","","",TRUE,"","","","","","","","","","",TRUE,"","","","","","",TRUE,"","","","","","","","","","",""
290,412,4,1,3,03:39:00,1941,"",,120,PISTONS Rebound,"",,,1610612765,"","","","",TRUE,"","","","","","","","","","","","","","",TRUE,"","","","","","","","","","","","",""
291,413,3,12,3,03:39:00,1941,TRUE,last.ft.made,120,Griffin Free Throw 2 of 2 (16 PTS),"",75 - 78,3,201933,"","","",TRUE,"","","","","","","","","","","","","","","","","","","",TRUE,"","",TRUE,TRUE,TRUE,"","","",""
292,414,1,1,3,03:20:00,1960,TRUE,made.shot,121,"",Williams  3PT Jump Shot (6 PTS) (Biyombo 2 AST),78 - 78,TIE,101107,"",TRUE,"","","","","","","","","","","","","","","","","","","","","","","","","","","","",TRUE,TRUE,""
293,416,9,1,3,03:18:00,1962,"",,122,PISTONS Timeout: Regular (Full 3 Short 0),"",,,1610612765,"","","","","","","","","",TRUE,"","","","","","","","","","","","","","","","","","","","","","",""
294,420,8,0,3,03:18:00,1962,"",,122,SUB: Mykhailiuk FOR Kennard,"",,,1628379,"","","","","","","","",TRUE,"","","","","","","","","","","","","","","","","","","","","","","",""
295,421,8,0,3,03:18:00,1962,"",,122,SUB: Morris FOR Griffin,"",,,201933,"","","","","","","","",TRUE,"","","","","","","","","","","","","","","","","","","","","","","",""
296,422,8,0,3,03:18:00,1962,"",,122,"",SUB: Washington FOR Rozier,,,1626179,"","","","","","","","",TRUE,"","","","","","","","","","","","","","","","","","","","","","","",""
297,423,8,0,3,03:18:00,1962,"",,122,"",SUB: Graham FOR Biyombo,,,202687,"","","","","","","","",TRUE,"","","","","","","","","","","","","","","","","","","","","","","",""
298,428,1,6,3,03:06:00,1974,TRUE,made.shot,122,Rose 2' Driving Layup (12 PTS) (Morris 3 AST),"",78 - 80,2,201565,"",TRUE,"","","","","","","","","","","","","","","","","","","","","","","","","","","","",TRUE,"",""
299,429,1,67,3,02:47:00,1993,TRUE,made.shot,123,"",Washington 6' Hook Bank Shot (13 PTS) (Monk 2 AST),80 - 80,TIE,1629023,"",TRUE,"","","","","","","","","","","","","","","","","","","","","","","","","","","","",TRUE,"",""
300,431,1,79,3,02:20:00,2020,TRUE,made.shot,124,Morris 15' Pullup Jump Shot (7 PTS) (Rose 3 AST),"",80 - 82,2,202693,"",TRUE,"","","","","","","","","","","","","","","","","","","","","","","","","","","","",TRUE,"",""
301,433,6,1,3,02:01:00,2039,"",,125,Drummond P.FOUL (P1.T4) (B.Nansel),"",,,203083,"","","","","","",TRUE,"","","","","","","","","","","","","","","","","","","","","","","","","",""
302,435,5,45,3,01:47:00,2053,TRUE,turnover,125,"",Williams Out of Bounds - Bad Pass Turnover Turnover (P1.T6),,,101107,"","","","","",TRUE,"","","","","","","","","","","","","","","","","","","","","","","","","","",""
303,436,2,79,3,01:37:00,2063,"",,126,MISS Rose 16' Pullup Jump Shot,"",,,201565,"","",TRUE,"","","","","","","","","","","",TRUE,"","","","","","","","","","","","","","","","","",""
304,437,4,0,3,01:33:00,2067,TRUE,missed.shot,126,"",Williams REBOUND (Off:0 Def:2),,,101107,"","","","",TRUE,"","","","","","","","","","","","","","","",TRUE,"","","","","","","","","","","",""
305,438,1,9,3,01:20:00,2080,TRUE,made.shot,127,"",Washington 1' Driving Dunk (15 PTS) (Graham 6 AST),82 - 82,TIE,1629023,"",TRUE,"","","","","","","","","","","","","","","","","","","","","","","","","","","","",TRUE,"",""
306,441,2,1,3,00:50:00,2110,"",,128,MISS Mykhailiuk  3PT Jump Shot,"",,,1629004,"","",TRUE,"","","","","","","","","","","",TRUE,"","","","","","","","","","","","","","","","",TRUE,""
307,442,4,0,3,00:47:00,2113,TRUE,missed.shot,128,"",Graham REBOUND (Off:0 Def:1),,,1628984,"","","","",TRUE,"","","","","","","","","","","","","","","",TRUE,"","","","","","","","","","","",""
308,443,2,1,3,00:42:00,2118,"",,129,"",MISS Monk 25' 3PT Jump Shot,,,1628370,"","",TRUE,"","","","","","","","","","","",TRUE,"","","","","","","","","","","","","","","","",TRUE,""
309,444,4,0,3,00:39:00,2121,TRUE,missed.shot,129,Rose REBOUND (Off:0 Def:2),"",,,201565,"","","","",TRUE,"","","","","","","","","","","","","","","",TRUE,"","","","","","","","","","","",""
310,445,1,41,3,00:35:00,2125,TRUE,made.shot,130,Rose 3' Running Layup (14 PTS),"",82 - 84,2,201565,"",TRUE,"","","","","","","","","","","","","","","","","","","","","","","","","","","","",TRUE,"",""
311,446,1,6,3,00:24:00,2136,TRUE,made.shot,131,"",Graham 2' Driving Layup (13 PTS),84 - 84,TIE,1628984,"",TRUE,"","","","","","","","","","","","","","","","","","","","","","","","","","","","",TRUE,"",""
312,447,6,2,3,00:17:00,2143,"",,132,"",Washington S.FOUL (P2.PN) (B.Nansel),,,1629023,"","","","","","",TRUE,"","","","","","","","",TRUE,"","","","","","","","","","","","","","","","",""
313,449,3,11,3,00:17:00,2143,"",,132,MISS Drummond Free Throw 1 of 2,"",,,203083,"","","",TRUE,"","","","","","","","","","",TRUE,"","","","","","",TRUE,"","","","","","","","","","",""
314,450,4,1,3,00:17:00,2143,"",,132,PISTONS Rebound,"",,,1610612765,"","","","",TRUE,"","","","","","","","","","","","","","",TRUE,"","","","","","","","","","","","",""
315,451,3,12,3,00:17:00,2143,TRUE,last.ft.made,132,Drummond Free Throw 2 of 2 (15 PTS),"",84 - 85,1,203083,"","","",TRUE,"","","","","","","","","","","","","","","","","","","",TRUE,"","",TRUE,TRUE,TRUE,"","","",""
316,452,2,1,3,00:01:00,2159,"",,133,"",MISS Graham 28' 3PT Jump Shot,,,1628984,"","",TRUE,"","","","","","","","","","","",TRUE,"","","","","","","","","","","","","","","","",TRUE,""
317,453,4,0,3,00:01:00,2159,"",,133,"",Hornets Rebound,,,1610612766,"","","","",TRUE,"","","","","","","","","","","","","","",TRUE,"","","","","","","","","","","","",""
318,454,13,0,3,00:00:00,2160,TRUE,end.of.period,133,"","",85 - 85,TIE,0,"","","","","","","","","","","","","",TRUE,"","","","","","","","","","","","","","","","","","",""
319,459,12,0,4,12:00:00,2160,"",,134,"","",85 - 85,TIE,0,"","","","","","","","","","","","",TRUE,"","","","","","","","","","","","","","","","","","","",""
320,460,1,5,4,11:48:00,2172,TRUE,made.shot,134,Morris 2' Layup (9 PTS) (Rose 4 AST),"",84 - 87,3,202693,"",TRUE,"","","","","","","","","","","","","","","","","","","","","","","","","","","","",TRUE,"",""
321,462,2,1,4,11:30:00,2190,"",,135,"",MISS Graham 26' 3PT Jump Shot,,,1628984,"","",TRUE,"","","","","","","","","","","",TRUE,"","","","","","","","","","","","","","","","",TRUE,""
322,463,4,0,4,11:26:00,2194,TRUE,missed.shot,135,Galloway REBOUND (Off:0 Def:3),"",,,204038,"","","","",TRUE,"","","","","","","","","","","","","","","",TRUE,"","","","","","","","","","","",""
323,464,1,7,4,11:09:00,2211,TRUE,made.shot,136,Wood 1' Dunk (2 PTS) (Galloway 1 AST),"",84 - 89,5,1626174,"",TRUE,"","","","","","","","","","","","","","","","","","","","","","","","","","","","",TRUE,"",""
324,466,1,1,4,10:51:00,2229,TRUE,made.shot,137,"",Williams  3PT Jump Shot (9 PTS) (Graham 7 AST),87 - 89,2,101107,"",TRUE,"","","","","","","","","","","","","","","","","","","","","","","","","","","","",TRUE,TRUE,""
325,468,1,1,4,10:31:00,2249,TRUE,made.shot,138,Rose 26' 3PT Jump Shot (17 PTS) (Mykhailiuk 2 AST),"",87 - 92,5,201565,"",TRUE,"","","","","","","","","","","","","","","","","","","","","","","","","","","","",TRUE,TRUE,""
326,470,1,6,4,10:08:00,2272,"",,139,"",Washington 2' Driving Layup (17 PTS) (Williams 4 AST),89 - 92,3,1629023,"",TRUE,"","","","","","","","","","","","","","","","","","","","","","","","","","","",TRUE,"","",""
327,472,6,2,4,10:08:00,2272,"",,139,Morris S.FOUL (P1.T1) (G.Petraitis),"",,,202693,"","","","","","",TRUE,"","","","","","","","",TRUE,"","","","","","","","","","","","","","","","",""
328,474,3,10,4,10:08:00,2272,TRUE,last.ft.made,139,"",Washington Free Throw 1 of 1 (18 PTS),90 - 92,2,1629023,"","","",TRUE,"","","","","","","","","","","","","","","","","","",TRUE,"","","","",TRUE,TRUE,"","","",""
329,475,6,2,4,09:51:00,2289,"",,140,"",Bridges S.FOUL (P2.T1) (B.Nansel),,,1628970,"","","","","","",TRUE,"","","","","","","","",TRUE,"","","","","","","","","","","","","","","","",""
330,477,3,11,4,09:51:00,2289,"",,140,Rose Free Throw 1 of 2 (18 PTS),"",90 - 93,3,201565,"","","",TRUE,"","","","","","","","","","","","","","","","","","","","","","","","","","","","",""
331,478,3,12,4,09:51:00,2289,"",,140,MISS Rose Free Throw 2 of 2,"",,,201565,"","","",TRUE,"","","","","","","","","","",TRUE,"","","","","","",TRUE,"",TRUE,"","",TRUE,TRUE,"","","","",""
332,479,4,0,4,09:47:00,2293,TRUE,missed.shot,140,"",Williams REBOUND (Off:0 Def:3),,,101107,"","","","",TRUE,"","","","","","","","","","","","","","","",TRUE,"","","","","","","","","","","",""
333,480,5,1,4,09:31:00,2309,TRUE,turnover,141,Galloway STEAL (1 STL),Williams Bad Pass Turnover (P2.T7),,,101107,"","","","","",TRUE,"","","","","","","","","","","","","","","","","","","","","","","","","","",""
334,482,2,1,4,09:24:00,2316,"",,142,MISS Morris  3PT Jump Shot,"",,,202693,"","",TRUE,"","","","","","","","","","","",TRUE,"","","","","","","","","","","","","","","","",TRUE,""
335,483,4,0,4,09:21:00,2319,TRUE,missed.shot,142,"",Monk REBOUND (Off:0 Def:2),,,1628370,"","","","",TRUE,"","","","","","","","","","","","","","","",TRUE,"","","","","","","","","","","",""
336,484,1,103,4,09:14:00,2326,TRUE,made.shot,143,"",Monk 9' Running Pull-Up Jump Shot (7 PTS),92 - 93,1,1628370,"",TRUE,"","","","","","","","","","","","","","","","","","","","","","","","","","","","",TRUE,"",""
337,485,1,101,4,08:58:00,2342,TRUE,made.shot,144,Rose 14' Driving Floating Jump Shot (20 PTS),"",92 - 95,3,201565,"",TRUE,"","","","","","","","","","","","","","","","","","","","","","","","","","","","",TRUE,"",""
338,487,8,0,4,08:48:00,2352,"",,145,"",SUB: Batum FOR Graham,,,1628984,"","","","","","","","",TRUE,"","","","","","","","","","","","","","","","","","","","","","","",""
339,488,8,0,4,08:48:00,2352,"",,145,"",SUB: Rozier FOR Washington,,,1629023,"","","","","","","","",TRUE,"","","","","","","","","","","","","","","","","","","","","","","",""
340,491,6,2,4,08:34:00,2366,"",,145,Morris S.FOUL (P2.T2) (M.Davis),"",,,202693,"","","","","","",TRUE,"","","","","","","","",TRUE,"","","","","","","","","","","","","","","","",""
341,493,3,11,4,08:34:00,2366,"",,145,"",Bridges Free Throw 1 of 2 (15 PTS),93 - 95,2,1628970,"","","",TRUE,"","","","","","","","","","","","","","","","","","","","","","","","","","","","",""
342,494,3,12,4,08:34:00,2366,TRUE,last.ft.made,145,"",Bridges Free Throw 2 of 2 (16 PTS),94 - 95,1,1628970,"","","",TRUE,"","","","","","","","","","","","","","","","","","","",TRUE,"","",TRUE,TRUE,TRUE,"","","",""
343,495,2,6,4,08:17:00,2383,"",,146,MISS Rose 2' Driving Layup,"",,,201565,"","",TRUE,"","","","","","","","","","","",TRUE,"","","","","","","","","","","","","","","","","",""
344,496,4,0,4,08:14:00,2386,TRUE,missed.shot,146,"",Monk REBOUND (Off:0 Def:3),,,1628370,"","","","",TRUE,"","","","","","","","","","","","","","","",TRUE,"","","","","","","","","","","",""
345,497,5,1,4,08:10:00,2390,TRUE,turnover,147,Morris STEAL (1 STL),Monk Bad Pass Turnover (P2.T8),,,1628370,"","","","","",TRUE,"","","","","","","","","","","","","","","","","","","","","","","","","","",""
346,499,6,28,4,08:08:00,2392,"",,148,"",Batum Personal Take Foul (P2.T2) (B.Nansel),,,201587,"","","","","","",TRUE,"","","","","","","","","","","","","","","","","","","","","","","","","",""
347,501,9,1,4,08:08:00,2392,"",,148,PISTONS Timeout: Regular (Full 4 Short 0),"",,,1610612765,"","","","","","","","","",TRUE,"","","","","","","","","","","","","","","","","","","","","","",""
348,502,8,0,4,08:08:00,2392,"",,148,SUB: Brown FOR Morris,"",,,202693,"","","","","","","","",TRUE,"","","","","","","","","","","","","","","","","","","","","","","",""
349,503,8,0,4,08:08:00,2392,"",,148,SUB: Kennard FOR Mykhailiuk,"",,,1629004,"","","","","","","","",TRUE,"","","","","","","","","","","","","","","","","","","","","","","",""
350,504,8,0,4,08:08:00,2392,"",,148,SUB: Drummond FOR Rose,"",,,201565,"","","","","","","","",TRUE,"","","","","","","","","","","","","","","","","","","","","","","",""
351,505,8,0,4,08:08:00,2392,"",,148,SUB: Griffin FOR Wood,"",,,1626174,"","","","","","","","",TRUE,"","","","","","","","","","","","","","","","","","","","","","","",""
352,506,8,0,4,08:08:00,2392,"",,148,"",SUB: Biyombo FOR Williams,,,101107,"","","","","","","","",TRUE,"","","","","","","","","","","","","","","","","","","","","","","",""
353,512,2,1,4,07:57:00,2403,"",,148,MISS Galloway 28' 3PT Jump Shot,"",,,204038,"","",TRUE,"","","","","","","","","","","",TRUE,"","","","","","","","","","","","","","","","",TRUE,""
354,513,4,0,4,07:54:00,2406,"",,148,Drummond REBOUND (Off:7 Def:8),"",,,203083,"","","","",TRUE,"","","","","","","","","","","","","","","","","","","","","","","","","","","",""
355,514,5,2,4,07:51:00,2409,TRUE,turnover,148,Drummond Lost Ball Turnover (P2.T10),Rozier STEAL (1 STL),,,203083,"","","","","",TRUE,"","","","","","","","","","","","","","","","","","","","","","","","","","",""
356,516,2,6,4,07:39:00,2421,"",,149,Drummond BLOCK (2 BLK),MISS Monk 1' Driving Layup,,,1628370,"","",TRUE,"","","","","","","","","","","",TRUE,"","","","","","","","","","","","","","","","","",""
357,518,4,0,4,07:36:00,2424,TRUE,missed.shot,149,Griffin REBOUND (Off:1 Def:2),"",,,201933,"","","","",TRUE,"","","","","","","","","","","","","","","",TRUE,"","","","","","","","","","","",""
358,519,5,1,4,07:32:00,2428,TRUE,turnover,150,Griffin Bad Pass Turnover (P1.T11),Rozier STEAL (2 STL),,,201933,"","","","","",TRUE,"","","","","","","","","","","","","","","","","","","","","","","","","","",""
359,521,2,63,4,07:15:00,2445,"",,151,"",MISS Rozier 21' Fadeaway Jumper,,,1626179,"","",TRUE,"","","","","","","","","","","",TRUE,"","","","","","","","","","","","","","","","","",""
360,522,4,0,4,07:10:00,2450,TRUE,missed.shot,151,Drummond REBOUND (Off:7 Def:9),"",,,203083,"","","","",TRUE,"","","","","","","","","","","","","","","",TRUE,"","","","","","","","","","","",""
361,523,1,1,4,06:45:00,2475,"",,152,Galloway 24' 3PT Jump Shot (3 PTS) (Kennard 3 AST),"",94 - 98,4,204038,"",TRUE,"","","","","","","","","","","","","","","","","","","","","","","","","","","",TRUE,"",TRUE,""
362,525,6,2,4,06:45:00,2475,"",,152,"",Monk S.FOUL (P2.T3) (B.Nansel),,,1628370,"","","","","","",TRUE,"","","","","","","","",TRUE,"","","","","","","","","","","","","","","","",""
363,527,8,0,4,06:45:00,2475,"",,152,"",SUB: Graham FOR Monk,,,1628370,"","","","","","","","",TRUE,"","","","","","","","","","","","","","","","","","","","","","","",""
364,529,3,10,4,06:45:00,2475,TRUE,last.ft.made,152,Galloway Free Throw 1 of 1 (4 PTS),"",94 - 99,5,204038,"","","",TRUE,"","","","","","","","","","","","","","","","","","",TRUE,"","","","",TRUE,TRUE,"","","",""
365,530,2,1,4,06:31:00,2489,"",,153,"",MISS Bridges 25' 3PT Jump Shot,,,1628970,"","",TRUE,"","","","","","","","","","","",TRUE,"","","","","","","","","","","","","","","","",TRUE,""
366,531,4,0,4,06:26:00,2494,TRUE,missed.shot,153,Brown REBOUND (Off:0 Def:4),"",,,1628971,"","","","",TRUE,"","","","","","","","","","","","","","","",TRUE,"","","","","","","","","","","",""
367,532,1,79,4,06:13:00,2507,TRUE,made.shot,154,Kennard 15' Pullup Jump Shot (19 PTS),"",94 - 101,7,1628379,"",TRUE,"","","","","","","","","","","","","","","","","","","","","","","","","","","","",TRUE,"",""
368,533,9,1,4,06:13:00,2507,"",,155,"",Hornets Timeout: Regular (Reg.4 Short 0),,,1610612766,"","","","","","","","","",TRUE,"","","","","","","","","","","","","","","","","","","","","","",""
369,534,8,0,4,06:13:00,2507,"",,155,"",SUB: Washington FOR Bridges,,,1628970,"","","","","","","","",TRUE,"","","","","","","","","","","","","","","","","","","","","","","",""
370,536,6,1,4,05:55:00,2525,"",,155,Drummond P.FOUL (P2.T3) (B.Nansel),"",,,203083,"","","","","","",TRUE,"","","","","","","","","","","","","","","","","","","","","","","","","",""
371,539,2,1,4,05:38:00,2542,"",,155,"",MISS Batum 26' 3PT Jump Shot,,,201587,"","",TRUE,"","","","","","","","","","","",TRUE,"","","","","","","","","","","","","","","","",TRUE,""
372,540,4,0,4,05:36:00,2544,TRUE,missed.shot,155,Drummond REBOUND (Off:7 Def:10),"",,,203083,"","","","",TRUE,"","","","","","","","","","","","","","","",TRUE,"","","","","","","","","","","",""
373,541,1,1,4,05:25:00,2555,TRUE,made.shot,156,Kennard 15' Jump Shot (21 PTS),"",94 - 103,9,1628379,"",TRUE,"","","","","","","","","","","","","","","","","","","","","","","","","","","","",TRUE,"",""
374,542,1,1,4,04:59:00,2581,TRUE,made.shot,157,"",Washington 25' 3PT Jump Shot (21 PTS) (Rozier 2 AST),97 - 103,6,1629023,"",TRUE,"","","","","","","","","","","","","","","","","","","","","","","","","","","","",TRUE,TRUE,""
375,545,2,63,4,04:36:00,2604,"",,158,MISS Kennard 9' Fadeaway Jumper,"",,,1628379,"","",TRUE,"","","","","","","","","","","",TRUE,"","","","","","","","","","","","","","","","","",""
376,546,4,0,4,04:35:00,2605,TRUE,missed.shot,158,"",Biyombo REBOUND (Off:3 Def:4),,,202687,"","","","",TRUE,"","","","","","","","","","","","","","","",TRUE,"","","","","","","","","","","",""
377,547,6,1,4,04:35:00,2605,"",,159,Brown P.FOUL (P3.T4) (G.Petraitis),"",,,1628971,"","","","","","",TRUE,"","","","","","","","","","","","","","","","","","","","","","","","","",""
378,549,2,101,4,04:23:00,2617,"",,159,"",MISS Washington 7' Driving Floating Jump Shot,,,1629023,"","",TRUE,"","","","","","","","","","","",TRUE,"","","","","","","","","","","","","","","","","",""
379,550,4,0,4,04:21:00,2619,"",,159,"",Biyombo REBOUND (Off:4 Def:4),,,202687,"","","","",TRUE,"","","","","","","","","","","","","","","","","","","","","","","","","","","",""
380,551,5,1,4,04:15:00,2625,TRUE,turnover,159,Galloway STEAL (2 STL),Biyombo Bad Pass Turnover (P3.T9),,,202687,"","","","","",TRUE,"","","","","","","","","","","","","","","","","","","","","","","","","","",""
381,553,2,76,4,04:09:00,2631,"",,160,MISS Kennard  Running Finger Roll Layup,"",,,1628379,"","",TRUE,"","","","","","","","","","","",TRUE,"","","","","","","","","","","","","","","","","",""
382,554,4,0,4,04:07:00,2633,TRUE,missed.shot,160,"",Batum REBOUND (Off:2 Def:2),,,201587,"","","","",TRUE,"","","","","","","","","","","","","","","",TRUE,"","","","","","","","","","","",""
383,555,2,1,4,04:04:00,2636,"",,161,"",MISS Rozier 25' 3PT Jump Shot,,,1626179,"","",TRUE,"","","","","","","","","","","",TRUE,"","","","","","","","","","","","","","","","",TRUE,""
384,556,4,0,4,04:00:00,2640,TRUE,missed.shot,161,Griffin REBOUND (Off:1 Def:3),"",,,201933,"","","","",TRUE,"","","","","","","","","","","","","","","",TRUE,"","","","","","","","","","","",""
385,557,5,2,4,03:47:00,2653,TRUE,turnover,162,Griffin Lost Ball Turnover (P2.T12),Batum STEAL (1 STL),,,201933,"","","","","",TRUE,"","","","","","","","","","","","","","","","","","","","","","","","","","",""
386,559,1,74,4,03:43:00,2657,TRUE,made.shot,163,"",Rozier 1' Running Reverse Layup (23 PTS) (Batum 2 AST),99 - 103,4,1626179,"",TRUE,"","","","","","","","","","","","","","","","","","","","","","","","","","","","",TRUE,"",""
387,561,2,79,4,03:15:00,2685,"",,164,MISS Griffin 26' 3PT Pullup Jump Shot,"",,,201933,"","",TRUE,"","","","","","","","","","","",TRUE,"","","","","","","","","","","","","","","","",TRUE,""
388,562,4,0,4,03:13:00,2687,TRUE,missed.shot,164,"",Batum REBOUND (Off:2 Def:3),,,201587,"","","","",TRUE,"","","","","","","","","","","","","","","",TRUE,"","","","","","","","","","","",""
389,563,9,1,4,03:13:00,2687,"",,165,"",Hornets Timeout: Regular (Reg.5 Short 0),,,1610612766,"","","","","","","","","",TRUE,"","","","","","","","","","","","","","","","","","","","","","",""
390,564,8,0,4,03:13:00,2687,"",,165,SUB: Rose FOR Brown,"",,,1628971,"","","","","","","","",TRUE,"","","","","","","","","","","","","","","","","","","","","","","",""
391,566,1,44,4,02:55:00,2705,"",,165,"",Biyombo  Reverse Layup (13 PTS) (Washington 3 AST),101 - 103,2,202687,"",TRUE,"","","","","","","","","","","","","","","","","","","","","","","","","","","",TRUE,"","",""
392,568,6,2,4,02:55:00,2705,"",,165,Drummond S.FOUL (P3.PN) (B.Nansel),"",,,203083,"","","","","","",TRUE,"","","","","","","","",TRUE,"","","","","","","","","","","","","","","","",""
393,570,3,10,4,02:55:00,2705,"",,165,"",MISS Biyombo Free Throw 1 of 1,,,202687,"","","",TRUE,"","","","","","","","","","",TRUE,"","","","","","",TRUE,TRUE,"","","","",TRUE,"","","","",""
394,571,4,0,4,02:53:00,2707,TRUE,missed.shot,165,Drummond REBOUND (Off:7 Def:11),"",,,203083,"","","","",TRUE,"","","","","","","","","","","","","","","",TRUE,"","","","","","","","","","","",""
395,572,1,1,4,02:35:00,2725,TRUE,made.shot,166,Rose 24' 3PT Jump Shot (23 PTS) (Kennard 4 AST),"",101 - 106,5,201565,"",TRUE,"","","","","","","","","","","","","","","","","","","","","","","","","","","","",TRUE,TRUE,""
396,574,1,1,4,02:17:00,2743,TRUE,made.shot,167,"",Washington 26' 3PT Jump Shot (24 PTS) (Graham 8 AST),104 - 106,2,1629023,"",TRUE,"","","","","","","","","","","","","","","","","","","","","","","","","","","","",TRUE,TRUE,""
397,576,6,4,4,01:56:00,2764,"",,168,Drummond OFF.Foul (P4) (G.Petraitis),"",,,203083,"","","","","","",TRUE,"","","","","","","","","","","","","","","","","","","","","","","","","",""
398,578,5,37,4,01:56:00,2764,TRUE,turnover,168,Drummond Offensive Foul Turnover (P3.T13),"",,,203083,"","","","","",TRUE,"","","","","","","","","","","","","","","","","","","","","","","","","","",""
399,579,1,79,4,01:43:00,2777,TRUE,made.shot,169,"",Graham 26' 3PT Pullup Jump Shot (16 PTS),107 - 106,-1,1628984,"",TRUE,"","","","","","","","","","","","","","","","","","","","","","","","","","","","",TRUE,TRUE,""
400,580,6,2,4,01:29:00,2791,"",,170,"",Washington S.FOUL (P3.T4) (B.Nansel),,,1629023,"","","","","","",TRUE,"","","","","","","","",TRUE,"","","","","","","","","","","","","","","","",""
401,582,3,11,4,01:29:00,2791,"",,170,MISS Griffin Free Throw 1 of 2,"",,,201933,"","","",TRUE,"","","","","","","","","","",TRUE,"","","","","","",TRUE,"","","","","","","","","","",""
402,583,4,1,4,01:29:00,2791,"",,170,PISTONS Rebound,"",,,1610612765,"","","","",TRUE,"","","","","","","","","","","","","","",TRUE,"","","","","","","","","","","","",""
403,584,3,12,4,01:29:00,2791,TRUE,last.ft.made,170,Griffin Free Throw 2 of 2 (17 PTS),"",107 - 107,TIE,201933,"","","",TRUE,"","","","","","","","","","","","","","","","","","","",TRUE,"","",TRUE,TRUE,TRUE,"","","",""
404,585,5,45,4,01:16:00,2804,TRUE,turnover,171,"",Graham Out of Bounds - Bad Pass Turnover Turnover (P2.T10),,,1628984,"","","","","",TRUE,"","","","","","","","","","","","","","","","","","","","","","","","","","",""
405,586,2,79,4,00:55:00,2825,"",,172,MISS Kennard 19' Pullup Jump Shot,"",,,1628379,"","",TRUE,"","","","","","","","","","","",TRUE,"","","","","","","","","","","","","","","","","",""
406,587,4,0,4,00:53:00,2827,"",,172,Drummond REBOUND (Off:8 Def:11),"",,,203083,"","","","",TRUE,"","","","","","","","","","","","","","","","","","","","","","","","","","","",""
407,588,2,87,4,00:51:00,2829,"",,172,MISS Drummond 4' Putback Dunk,Biyombo BLOCK (2 BLK),,,203083,"","",TRUE,"","","","","","","","","","","",TRUE,"","","","","","","","","","","","","","","","","",""
408,590,4,0,4,00:51:00,2829,TRUE,missed.shot,172,"",Washington REBOUND (Off:0 Def:5),,,1629023,"","","","",TRUE,"","","","","","","","","","","","","","","",TRUE,"","","","","","","","","","","",""
409,591,6,28,4,00:47:00,2833,"",,173,Kennard Personal Take Foul (P3.PN) (G.Petraitis),"",,,1628379,"","","","","","",TRUE,"","","","","","","","","","","","","","","","","","","","","","","","","",""
410,593,3,11,4,00:47:00,2833,"",,173,"",Washington Free Throw 1 of 2 (25 PTS),108 - 107,-1,1629023,"","","",TRUE,"","","","","","","","","","","","","","","","","","","","","","","","","","","","",""
411,594,3,12,4,00:47:00,2833,TRUE,last.ft.made,173,"",Washington Free Throw 2 of 2 (26 PTS),109 - 107,-2,1629023,"","","",TRUE,"","","","","","","","","","","","","","","","","","","",TRUE,"","",TRUE,TRUE,TRUE,"","","",""
412,595,9,1,4,00:47:00,2833,"",,174,PISTONS Timeout: Regular (Full 5 Short 0),"",,,1610612765,"","","","","","","","","",TRUE,"","","","","","","","","","","","","","","","","","","","","","",""
413,596,8,0,4,00:47:00,2833,"",,174,SUB: Snell FOR Galloway,"",,,204038,"","","","","","","","",TRUE,"","","","","","","","","","","","","","","","","","","","","","","",""
414,598,5,1,4,00:32:00,2848,TRUE,turnover,174,Drummond Bad Pass Turnover (P4.T14),Washington STEAL (4 STL),,,203083,"","","","","",TRUE,"","","","","","","","","","","","","","","","","","","","","","","","","","",""
415,600,2,78,4,00:10:00,2870,"",,175,"",MISS Graham 7' Floating Jump Shot,,,1628984,"","",TRUE,"","","","","","","","","","","",TRUE,"","","","","","","","","","","","","","","","","",""
416,601,4,0,4,00:08:00,2872,"",,175,"",Biyombo REBOUND (Off:5 Def:4),,,202687,"","","","",TRUE,"","","","","","","","","","","","","","","","","","","","","","","","","","","",""
417,602,2,97,4,00:08:00,2872,"",,175,"",MISS Biyombo 1' Tip Layup Shot,,,202687,"","",TRUE,"","","","","","","","","","","",TRUE,"","","","","","","","","","","","","","","","","",""
418,603,4,0,4,00:08:00,2872,TRUE,missed.shot,175,Kennard REBOUND (Off:0 Def:1),"",,,1628379,"","","","",TRUE,"","","","","","","","","","","","","","","",TRUE,"","","","","","","","","","","",""
419,604,9,1,4,00:08:00,2872,"",,176,PISTONS Timeout: Regular (Full 6 Short 0),"",,,1610612765,"","","","","","","","","",TRUE,"","","","","","","","","","","","","","","","","","","","","","",""
420,605,8,0,4,00:08:00,2872,"",,176,SUB: Galloway FOR Drummond,"",,,203083,"","","","","","","","",TRUE,"","","","","","","","","","","","","","","","","","","","","","","",""
421,607,2,79,4,00:05:00,2875,"",,176,MISS Kennard 25' 3PT Pullup Jump Shot,"",,,1628379,"","",TRUE,"","","","","","","","","","","",TRUE,"","","","","","","","","","","","","","","","",TRUE,""
422,608,4,0,4,00:01:00,2879,"",,176,Galloway REBOUND (Off:1 Def:3),"",,,204038,"","","","",TRUE,"","","","","","","","","","","","","","","","","","","","","","","","","","","",""
423,609,2,1,4,00:00:00,2880,"",,176,MISS Galloway 48' 3PT Jump Shot,"",,,204038,"","",TRUE,"","","","","","","","","","","",TRUE,"","","","","","","","","","","","","","","","",TRUE,""
424,610,4,0,4,00:00:00,2880,"",,176,PISTONS Rebound,"",,,1610612765,"","","","",TRUE,"","","","","","","","","","","","","","",TRUE,"","","","","","","","","","","","",""
425,611,13,0,4,00:00:00,2880,TRUE,end.of.period,176,"","",110 - 107,-3,0,"","","","","","","","","","","","","",TRUE,"","","","","","","","","","","","","","","","","","",""
